EAN,Name,PLZ,Ort,Block_APO,Sales_Rep,CVM,Planned_Visits,Block_ADM,FY2025,Top_Priority,CVM_clean
7601001007246,Central-Apotheke Aarau AG,5000,Aarau,2157,Michaela,Build,4,Michaela,5900.029999999999,0,Build
7601001377899,Zentral Apotheke Heerbrugg AG,9435,Heerbrugg,2233,Sarina,Gain,4,Sarina,15318.110000000017,1,Gain
7601001025042,Neue Apotheke,5000,Aarau,2157,Michaela,Observe,0,Michaela,0.0,0,Observe
7601001365414,Bahnhof Apotheke,5000,Aarau,2157,Michaela,Defend,4,Michaela,52289.51999999995,1,Defend
7601001379916,Medbase Apotheke Affoltern am Albis,8910,Affoltern am Albis,2203,Luis,Build,5,Luis,14217.910000000003,1,Build
7601001391710,Müller Handels AG Schweiz,5000,Aarau,2157,Michaela,Observe,0,Michaela,0.0,0,Observe
7601001345911,CareLand AG,5000,Aarau,2157,Michaela,Build,4,Michaela,10972.849999999999,0,Build
7601001403840,Apotheke im Spital Aarau AG,5001,Aarau,2157,Michaela,Observe,0,Michaela,14640.660000000002,1,Observe
7601009107535,Reform-Drogerie Aarau,5000,Aarau,2157,Michaela,Observe,0,Michaela,337.4199999999999,0,Observe
7601001353268,Vitalis Apotheke Drogerie,8910,Affoltern am Albis,2203,Luis,Build,5,Luis,30526.970000000005,1,Build
7601001374089,Schön und Gesund AG,5000,Aarau,2157,Michaela,Observe,0,Michaela,2281.9900000000002,0,Observe
7601009374753,TopPharm Apotheke Göldlin AG,5000,Aarau,2157,Michaela,Build,4,Michaela,1882.1400000000003,0,Build
7601001254879,AB-Droguerie du Portail Sàrl,1530,Payerne,2042,Florence,Observe,0,Florence,0.0,0,Observe
7601001411555,Adelpharm AG,3715,Adelboden,2122,Florence,Maintain,4,Florence,7381.079999999999,0,Maintain
7601001396104,Apotheke Aarburg AG,4663,Aarburg,2159,Michaela,Maintain,4,Michaela,7298.2,0,Maintain
7601001028012,West-Apotheke,9000,St. Gallen,2227,Sarina,Observe,0,Sarina,5155.250000000003,0,Observe
7601001330160,Welldro AG Niederurnen,8867,Niederurnen,2231,Sarina,Defend,4,Sarina,21979.409999999996,1,Defend
7601009320088,Alpen-Drogerie Lenk GmbH,3775,Lenk im Simmental,2122,Florence,Maintain,4,Florence,611.31,0,Maintain
7601001368712,Amavita Apotheke Affoltern a. Albis,8910,Affoltern am Albis,2203,Luis,Build,5,Luis,17716.41000000001,1,Build
7601001402447,Amavita Apotheke Dr. Steiner,2502,Biel/Bienne,2135,Florence,Build,4,Florence,10176.160000000016,0,Build
7601001399716,Pill Apotheke Sihltal,8134,Adliswil,2203,Luis,Maintain,4,Luis,6317.190000000001,0,Maintain
7601001294950,TopPharm Apotheke Kunz,4147,Aesch,2153,Michaela,Build,4,Michaela,23879.93,1,Build
7601001410503,Medbase Apotheke Biel Bahnhof,2501,Biel/Bienne,2135,Florence,Build,4,Florence,12838.989999999998,0,Build
7601001375383,Amavita Apotheke Paradies,4123,Allschwil,2151,Michaela,Build,4,Michaela,18855.370000000028,1,Build
7601001010239,Apotheke Dr. Noyer AG,3011,Bern,2113,Michaela,Build,4,Michaela,14516.729999999996,1,Build
7601007784905,gesund-gekauft.ch AG,8910,Affoltern am Albis,2203,Luis,Observe,0,Luis,0.0,0,Observe
7601001379619,Farmacia Amavita Centro Breggia,6828,Balerna,2091,Alessia,Build,4,Alessia,8412.60000000001,0,Build
7601001380189,Farmacia Amavita Lugano,6900,Lugano,2097,Alessia,Build,4,Alessia,7906.220000000005,0,Build
7601001392113,Farmacia Amavita Lurà,6850,Mendrisio,2093,Alessia,Build,4,Alessia,6254.160000000004,0,Build
7601001369894,Sun Store Aigle,1860,Aigle,2052,Eléonore,Build,4,Eléonore,15571.250000000025,1,Build
7601001029088,Pharmacie du Centre,1860,Aigle,2052,Eléonore,Maintain,4,Eléonore,8113.749999999998,0,Maintain
7601001364912,pharmacieplus du rhône et du midi,1860,Aigle,2052,Eléonore,Build,4,Eléonore,6858.369999999998,0,Build
7601001397002,Amavita Apotheke & Drogerie Schneeberger,4144,Arlesheim,2154,Michaela,Build,4,Michaela,10065.900000000018,0,Build
7601001291386,Pharmacie de la Planchette,1860,Aigle,2052,Eléonore,Observe,0,Eléonore,4166.150000000001,0,Observe
7601001371200,Droguerie d'Aigle,1860,Aigle,2052,Eléonore,Observe,0,Eléonore,92.75,0,Observe
7601001403550,Farmacia Amavita Mordasini,6592,St. Antonino,2103,Alessia,Build,4,Alessia,13704.109999999988,1,Build
7601001366671,Sun Store Allaman,1165,Allaman,2029,Eléonore,Build,4,Eléonore,15153.009999999998,1,Build
7601001372924,Amavita Apotheke Kerzers,3210,Kerzers,2089,Florence,Build,4,Florence,17843.980000000032,1,Build
7601009113154,Dorfplatz-Apotheke Allschwil,4123,Allschwil,2151,Michaela,Observe,0,Michaela,4922.330000000002,0,Observe
7601009324437,Sciensus Apotheke AG,4123,Allschwil,2151,Michaela,Observe,0,Michaela,8.61,0,Observe
7601009106699,Lindenapotheke Bachgraben Allschwil,4123,Allschwil,2151,Michaela,Gain,4,Michaela,4032.2900000000013,0,Gain
7601001398535,Medbase Apotheke St. Gallen Am Vadianplatz,9001,St. Gallen,2227,Sarina,Build,4,Sarina,8940.410000000005,0,Build
7601001380110,Müller Handels AG Schweiz,4123,Allschwil,2151,Michaela,Observe,0,Michaela,0.0,0,Observe
7601001366213,Amavita Apotheke Rheinbrücke,4058,Basel,2148,Michaela,Build,4,Michaela,12417.780000000006,0,Build
7601001564497,Central Apotheke Allschwil GmbH,4123,Allschwil,2151,Michaela,Gain,4,Michaela,7834.900000000008,0,Gain
7601001367937,Welldro AG Mels,8887,Mels,2232,Sarina,Build,4,Sarina,4825.049999999999,0,Build
7601001378797,Welldro AG Lachen,8853,Lachen,2186,Sarina,Build,5,Sarina,12936.52,0,Build
7601001229365,Volksapotheke zum Rüden,8200,Schaffhausen,2220,Sarina,Defend,4,Sarina,24627.700000000004,1,Defend
7601001013285,Volksapotheke zum Ritter,8200,Schaffhausen,2220,Sarina,Build,4,Sarina,4890.57,0,Build
7601001013308,Volksapotheke im Dorf,8212,Neuhausen am Rheinfall,2220,Sarina,Gain,4,Sarina,14955.94,1,Gain
7601001399563,Viva Drogerie AG,6374,Buochs,2182,Sarina,Build,4,Sarina,15259.19,1,Build
7601001400580,Vitaminplus - Welldro AG,7320,Sargans,2232,Sarina,Gain,4,Sarina,28.66,0,Gain
7601001410923,vitalxund drogerie GmbH,8353,Elgg,2210,Sarina,Maintain,4,Sarina,5878.369999999994,0,Maintain
7601001376267,Vital Drogerie,9053,Teufen,2226,Sarina,Gain,4,Sarina,8159.6799999999985,0,Gain
7601001401938,Wyland Apotheke und Drogerie AG,8450,Andelfingen,2207,Luis,Maintain,4,Luis,16110.219999999994,1,Maintain
7601001375147,Unterstadt-Apotheke GmbH,8200,Schaffhausen,2220,Sarina,Maintain,4,Sarina,5371.37,0,Maintain
7601001020122,Tösstal-Apotheke,8494,Bauma,2210,Sarina,Build,4,Sarina,22456.120000000003,1,Build
7601001022423,TopPharm St. Peter-Apotheke,9500,Wil,2230,Sarina,Build,4,Sarina,20853.589999999997,1,Build
7601001370036,TopPharm Löwen-Apotheke Sarnen,6060,Sarnen,2182,Sarina,Build,4,Sarina,18878.299999999992,1,Build
7601001404922,Galenis SA,6929,Gravesano,2100,Alessia,Build,4,Alessia,11776.989999999998,0,Build
7601001007864,TopPharm Rathaus Apotheke Baar,6340,Baar,2184,Luis,Build,5,Luis,11129.029999999999,0,Build
7601001378827,TopPharm Apotheke Zelger,6370,Stans,2182,Sarina,Build,4,Sarina,18105.35,1,Build
7601001403390,MediCrops Apotheke,4051,Basel,2142,Michaela,Build,4,Michaela,8732.65,0,Build
7601001373099,Sun Store Ardon,1957,Ardon,2059,Eléonore,Maintain,4,Eléonore,7028.5000000000055,0,Maintain
7601001399600,Apotheke der Klinik Arlesheim,4144,Arlesheim,2154,Michaela,Gain,4,Michaela,7086.330000000001,0,Gain
7601001392823,Medbase Apotheke Laufen Stedtli,4242,Laufen,2153,Michaela,Build,4,Michaela,11210.680000000011,0,Build
7601001410817,Amavita Apotheke Oberland,1716,Plaffeien,2088,Florence,Build,4,Florence,13219.130000000005,1,Build
7601001393868,TopPharm Apotheke Wattwil,9630,Wattwil,2230,Sarina,Build,4,Sarina,14369.300000000001,1,Build
7601001009653,Farmacia Martinoli SA,6715,Dongio,2112,Alessia,Build,4,Alessia,8978.230000000001,0,Build
7601001013148,Farmacia Nuova,6596,Gordola,2108,Alessia,Build,4,Alessia,3085.3199999999993,0,Build
7601001781108,Farmacia Stella Alpina,6563,Mesocco,2110,Alessia,Build,4,Alessia,3868.1600000000017,0,Build
7601001402935,Farmacia Centro Contone,6594,Contone,2103,Alessia,Build,4,Alessia,4504.859999999997,0,Build
7601009250491,Farmacia Amavita Serfontana,6836,Serfontana,2091,Alessia,Build,4,Alessia,9079.700000000004,0,Build
7601001017023,Farmacia del Crocefisso SA,6942,Savosa,2101,Alessia,Build,4,Alessia,10259.029999999999,0,Build
7601001006973,Pharmacie d'Attalens SA,1616,Attalens,2081,Eléonore,Maintain,4,Eléonore,3578.3499999999995,0,Maintain
7601001401716,pharmacieplus du marché,1170,Aubonne,2029,Eléonore,Build,4,Eléonore,11777.240000000002,0,Build
7601001375857,Farmacia Castione,6532,Castione,2110,Alessia,Build,4,Alessia,20783.16999999999,1,Build
7601001951648,Farmacia Cassina,6596,Gordola,2108,Alessia,Build,4,Alessia,9804.780000000002,0,Build
7601001012806,Sun Store Avry,1754,Avry-sur-Matran,2087,Eléonore,Defend,4,Eléonore,32765.060000000038,1,Defend
7601001364004,TopPharm Länggass Apotheke AG,3012,Bern,2117,Michaela,Build,4,Michaela,13202.24,1,Build
7601001361034,DROPA Gotthard Apotheke Parfumerie,6340,Baar,2184,Luis,Defend,4,Luis,27054.859999999986,1,Defend
7601001402645,Apotheke Zuger Kantonsspital,6340,Baar,2184,Luis,Observe,0,Luis,506.11,0,Observe
7601001380165,Coop Vitality Apotheke Bachenbülach,8184,Bachenbülach,2206,Luis,Defend,4,Luis,31204.499999999825,1,Defend
7601001008212,TopPharm Rathaus Apotheke Bern,3011,Bern,2113,Michaela,Build,4,Michaela,6952.269999999999,0,Build
7601001410701,TopPharm Apotheke Masans,7000,Chur,2236,Sarina,Build,4,Sarina,6864.499999999999,0,Build
7601001377943,Quellen Apotheke AG,5330,Bad Zurzach,2174,Michaela,Observe,0,Michaela,10363.96,0,Observe
7601001398870,Drogerie Aeberhard GmbH,5330,Bad Zurzach,2174,Luis,Maintain,4,Michaela,6357.880000000002,0,Maintain
7612096770113,Manor AG - Baden,5400,Baden,2168,Luis,Observe,0,Luis,0.0,0,Observe
7601001402737,Coop Vitality Apotheke Baden,5400,Baden,2168,Luis,Defend,4,Luis,29831.620000000017,1,Defend
7601001364103,DROPA Drogerie Baden AG,5400,Baden,2168,Luis,Maintain,4,Luis,10797.999999999996,0,Maintain
7601001368903,Müller Reformhaus Vital Shop AG,5400,Baden,2168,Luis,Observe,0,Luis,0.0,0,Observe
7601001976245,BENU Baden Schlossberg,5400,Baden,2168,Luis,Maintain,4,Luis,9427.869999999997,0,Maintain
7601001395718,Apotheke Wyss am Bahnhof,5400,Baden,2168,Luis,Build,5,Luis,17821.81,1,Build
7601001403857,ifa Apotheken AG,5400,Baden,2168,Luis,Gain,4,Luis,2569.3999999999996,0,Gain
7601001402577,Apotheke Dr. Noyer AG,3008,Bern,2117,Michaela,Build,4,Michaela,11524.58,0,Build
7601001311701,Vita Drogerie AG,5400,Baden,2168,Luis,Observe,0,Luis,3092.5699999999993,0,Observe
7601001412446,Schwanen Apotheke,5400,Baden,2168,Luis,Maintain,4,Luis,6504.16,0,Maintain
7601009092541,Apotheke tag & nacht,5404,Baden,2172,Luis,Gain,4,Luis,22746.88,1,Gain
7601001261969,Schwanen Apotheke,5402,Baden,2168,Luis,Observe,0,Luis,0.0,0,Observe
7601001404205,Farmacia Camorino,6528,Camorino,2103,Alessia,Build,4,Alessia,6780.0999999999985,0,Build
7601001022096,Farmacia Casabella SA,6814,Lamone,2100,Alessia,Build,4,Alessia,9246.46,0,Build
7601009110771,Jura-Apotheke Balsthal AG,4710,Balsthal,2140,Michaela,Observe,0,Michaela,3662.789999999999,0,Observe
7601001380684,DROPA Drogerie Marbet GmbH,4710,Balsthal,2140,Michaela,Maintain,4,Michaela,7757.049999999997,0,Maintain
7601001392724,TopPharm Apotheke Hinwil,8340,Hinwil,2210,Sarina,Build,5,Sarina,12977.549999999997,0,Build
7601001234345,TopPharm Apotheke und Drogerie Heumoos,8906,Bonstetten,2203,Luis,Build,5,Luis,19956.439999999995,1,Build
7601001350175,Bläsi Apotheke Andenmatten,4057,Basel,2149,Michaela,Observe,0,Michaela,2826.93,0,Observe
7601001022294,St. Johann-Drogerie,4056,Basel,2143,Michaela,Observe,0,Michaela,0.0,0,Observe
7601001400825,Coop Vitality Basel Pilger,4055,Basel,2144,Michaela,Build,4,Michaela,11051.480000000021,0,Build
7601001376830,Coop Vitality Apotheke Basel Europecenter,4058,Basel,2148,Michaela,Build,4,Michaela,12258.270000000002,0,Build
7601001407510,Coop Vitality Apotheke Basel Erlenmatt,4058,Basel,2148,Michaela,Maintain,4,Michaela,7993.139999999997,0,Maintain
7601001393516,Coop Vitality Apotheke Basel Südpark,4053,Basel,2146,Michaela,Defend,4,Michaela,17153.57000000003,1,Defend
7601001370708,Coop Vitality Apotheke Basel am Marktplatz,4001,Basel,2142,Michaela,Maintain,4,Michaela,12796.82,0,Maintain
7601001361218,Schifflände Apotheke AG,4051,Basel,2142,Michaela,Maintain,4,Michaela,6098.629999999999,0,Maintain
7601001377615,Neubad Apotheke und Drogerie AG,4054,Basel,2145,Michaela,Defend,4,Michaela,16811.719999999998,1,Defend
7601001379855,City-Apotheke Basel,4051,Basel,2142,Michaela,Maintain,4,Michaela,16424.1,1,Maintain
7601001375802,DROPA Apotheke Gundelitor,4053,Basel,2146,Michaela,Defend,4,Michaela,10156.38,0,Defend
7601001372313,DROPA Apotheke Dreispitz,4053,Basel,2146,Michaela,Maintain,4,Michaela,16133.61999999999,1,Maintain
7601001372412,Bahnhof Apotheke Drogerie AG Basel,4051,Basel,2142,Michaela,Defend,2,Michaela,45472.839999999946,1,Defend
7601001392311,St. Jakobs-Apotheke Basel AG,4051,Basel,2142,Michaela,Maintain,4,Michaela,11986.280000000002,0,Maintain
7601001408128,Spalen Apotheke AG,4051,Basel,2142,Michaela,Observe,0,Michaela,2625.819999999999,0,Observe
7601001397682,Europa Apotheke AG,4056,Basel,2143,Michaela,Build,4,Michaela,8706.290000000003,0,Build
7601009104046,Lindenapotheke Flugplatz Basel,4056,Basel,2143,Michaela,Build,4,Michaela,7447.660000000003,0,Build
7601001366558,Pharmacie Medbase Lausanne Batelière,1007,Lausanne,2020,Eléonore,Build,4,Eléonore,7187.700000000003,0,Build
7601001847682,Medbase Apotheke Reinach,4153,Reinach,2154,Michaela,Build,4,Michaela,16142.3,1,Build
7601001369986,Medbase Apotheke Winterthur Oberi,8404,Winterthur,2208,Luis,Build,5,Luis,1153.0900000000001,0,Build
7601001376175,Müller Handels AG Schweiz,4058,Basel,2148,Michaela,Observe,0,Michaela,0.0,0,Observe
7601001011786,Farmacia di Agno SA,6982,Agno,2099,Alessia,Build,4,Alessia,5870.799999999998,0,Build
7601001406636,pharmacieplus grassi,6760,Faido,2112,Alessia,Build,4,Alessia,4372.469999999998,0,Build
7601001395596,Amavita Apotheke Stern,2502,Biel/Bienne,2135,Florence,Build,4,Florence,12542.840000000011,0,Build
7601001396302,Amavita Ischi Apotheke,3011,Bern,2113,Michaela,Build,4,Michaela,12350.930000000002,0,Build
7601001813342,Amavita Apotheke Storchengässchen,3011,Bern,2113,Michaela,Build,4,Michaela,12558.410000000009,0,Build
7601001885080,Sevogel-Apotheke GmbH,4052,Basel,2147,Michaela,Observe,0,Michaela,4366.8200000000015,0,Observe
7601001406582,Holbein-Apotheke AG,4054,Basel,2145,Michaela,Observe,0,Michaela,6061.329999999996,0,Observe
7601001369245,Breite-Apotheke AG,4052,Basel,2147,Michaela,Build,4,Michaela,7946.710000000003,0,Build
7601009371516,Ahorn Apotheke GmbH,4055,Basel,2144,Michaela,Observe,0,Michaela,3301.4899999999993,0,Observe
7601001007949,St. Johann-Apotheke AG Basel,4056,Basel,2143,Michaela,Maintain,4,Michaela,4127.040000000001,0,Maintain
7601001401457,Schützenmatt Apotheke AG,4055,Basel,2144,Michaela,Gain,4,Michaela,3359.79,0,Gain
7601001407442,Saner Apotheke AG,4058,Basel,2148,Michaela,Observe,0,Michaela,9716.710000000003,0,Observe
7601001361973,Matthäus Apotheke AG,4057,Basel,2149,Michaela,Observe,0,Michaela,4293.129999999999,0,Observe
7601001392618,Lehenmatt-Apotheke AG,4052,Basel,2147,Michaela,Observe,0,Michaela,3937.1,0,Observe
7601001024014,Klybeck-Apotheke,4057,Basel,2149,Michaela,Observe,0,Michaela,2534.8499999999995,0,Observe
7601001358157,Gempen Apotheke AG,4053,Basel,2146,Michaela,Build,4,Michaela,8476.23,0,Build
7601001367081,Dreispitz-Apotheke,4053,Basel,2146,Michaela,Observe,0,Michaela,2606.69,0,Observe
7601001399006,Dreirosen Drogerie Apotheke GmbH,4057,Basel,2149,Michaela,Observe,0,Michaela,5891.490000000001,0,Observe
7601001373754,Westfeld-Apotheke AG,4055,Basel,2144,Michaela,Gain,4,Michaela,8511.980000000001,0,Gain
7601001371279,24 Stunden Apotheke Basel AG,4051,Basel,2142,Michaela,Maintain,4,Michaela,14592.079999999994,1,Maintain
7601001373167,Apotheke Dr. Noyer AG,3011,Bern,2113,Michaela,Build,4,Michaela,5465.24,0,Build
7601001313712,Sternen-Apotheke AG,9450,Altstätten,2233,Sarina,Build,4,Sarina,18417.99,1,Build
7601001315174,Dorfapotheke Ipsach,2563,Ipsach,2133,Florence,Build,4,Florence,14500.36,1,Build
7601001395350,Saner Apotheke AG,4051,Basel,2142,Michaela,Observe,0,Michaela,3858.0499999999993,0,Observe
7601001401945,Höfner Apotheke AG,8832,Wollerau,2186,Sarina,Build,4,Sarina,13407.960000000001,1,Build
7601001372733,Drogerie Hildebrand GmbH,4055,Basel,2144,Michaela,Maintain,4,Michaela,1392.19,0,Maintain
7601001401723,TopPharm Apotheke Dr. Meier AG,5620,Bremgarten,2166,Luis,Build,5,Luis,7466.190000000002,0,Build
7601001378537,TopPharm Apotheke & Drogerie Neumarktplatz AG,5200,Brugg,2171,Luis,Build,5,Luis,9270.679999999998,0,Build
7601001377028,TopPharm Apotheke Gmünder AG Bubendorf,4416,Bubendorf,2156,Michaela,Build,4,Michaela,16001.599999999997,1,Build
7601001591790,TopPharm Apotheke & Drogerie Buchs,5033,Buchs,2173,Luis,Build,5,Luis,14794.309999999998,1,Build
7601001403789,TopPharm Sonnen Apotheke - Eglisau,8193,Eglisau,2206,Luis,Build,5,Luis,5825.61,0,Build
7601001375345,TopPharm Apotheke Gümligen,3073,Gümligen,2127,Michaela,Build,4,Michaela,25231.86999999999,1,Build
7601001392267,TopPharm Vitaluce Apotheke,6280,Hochdorf,2181,Michaela,Build,4,Michaela,18094.02,1,Build
7601001393226,TopPharm Apotheke zum Erzberg,8810,Horgen,2201,Luis,Build,5,Luis,11194.029999999997,0,Build
7601001405486,Wettstein-Apotheke AG,4058,Basel,2148,Michaela,Maintain,4,Michaela,8665.210000000001,0,Maintain
7601001367838,tell-apotheke AG,4053,Basel,2146,Michaela,Build,4,Michaela,6529.66,0,Build
7601001406599,Stern-Apotheke AG,4053,Basel,2146,Michaela,Maintain,4,Michaela,6355.870000000003,0,Maintain
7601001596610,Steinen-Apotheke AG,4051,Basel,2142,Michaela,Maintain,4,Michaela,5772.469999999998,0,Maintain
7601001396036,Sonnen-Apotheke Hochreuter AG,4055,Basel,2144,Michaela,Gain,4,Michaela,9282.369999999999,0,Gain
7601001696778,Apotheke zur Waage AG,4057,Basel,2149,Michaela,Maintain,4,Michaela,3461.1200000000003,0,Maintain
7601001373877,Hardhof Apotheke AG,4052,Basel,2147,Michaela,Maintain,4,Michaela,7146.52,0,Maintain
7601001305366,Apotheke zur Waage AG,4057,Basel,2149,Michaela,Gain,4,Michaela,3359.87,0,Gain
7601001015753,Chrüterhüsli AG,4001,Basel,2142,Michaela,Observe,0,Michaela,0.0,0,Observe
7601001405660,Amavita Apotheke Volz,3011,Bern,2113,Michaela,Build,4,Michaela,11240.330000000018,0,Build
7601001409415,Amavita Apotheke Hirschengraben,3011,Bern,2113,Michaela,Build,4,Michaela,15110.740000000016,1,Build
7601001007475,Giacometti Rotpunkt Apotheke AG,7000,Chur,2236,Sarina,Build,4,Sarina,6102.76,0,Build
7601001400351,Dorf-Drogerie Hafen AG,8303,Bassersdorf,2211,Luis,Observe,0,Luis,2955.35,0,Observe
7601001400962,swidro drogerie elmer GmbH,3315,Bätterkinden,2129,Michaela,Maintain,4,Michaela,5419.22,0,Maintain
7601001403307,TopPharm Apotheke & Drogerie Brentano Hunzenschwil,5502,Hunzenschwil / AG,2162,Luis,Build,5,Luis,6234.26,0,Build
7601001402096,Landapotheke - Apotheke Siebnen AG,8854,Siebnen,2186,Sarina,Build,4,Sarina,13003.529999999997,1,Build
7601001396661,TopPharm Apotheke Schröter Kirchberg,3422,Kirchberg,2130,Michaela,Build,4,Michaela,12134.22,0,Build
7601001402638,pharmacieplus de begnins,1268,Begnins,2029,Eléonore,Maintain,4,Eléonore,2851.64,0,Maintain
7601001024120,TopPharm Apotheke Dr. Voegtli AG,5314,Kleindöttigen,2174,Luis,Build,4,Michaela,18605.09,1,Build
7601001407336,pharmacieplus du hêtre sa,1782,Belfaux,2087,Eléonore,Maintain,4,Eléonore,6072.689999999999,0,Maintain
7601001400023,Pharmacie de Belfaux,1782,Belfaux,2087,Eléonore,Maintain,4,Eléonore,8200.899999999998,0,Maintain
7601001373969,Amavita Apotheke Tafers,1712,Tafers,2088,Florence,Build,4,Florence,12699.340000000002,0,Build
7601001026100,Farmacia San Luca SA,6987,Caslano,2099,Alessia,Build,4,Alessia,7805.209999999999,0,Build
7601001409064,Farmacia Bozzoreda SA,6963,Pregassona,2096,Alessia,Build,4,Alessia,7766.020000000001,0,Build
7601001404809,Coop Vitality Farmacia Mendrisio,6850,Mendrisio,2093,Alessia,Build,4,Alessia,9538.409999999998,0,Build
7601001299245,Farmacia Boscolo SA,6780,Airolo,2112,Alessia,Build,4,Alessia,5603.530000000002,0,Build
7601001967458,Amavita Apotheke Terminus Spiez,3700,Spiez,2122,Florence,Build,4,Florence,15318.679999999993,1,Build
7601001379190,Amavita Apotheke & Drogerie Brugg,5200,Brugg,2171,Luis,Build,5,Luis,11670.160000000009,0,Build
7601001367708,Pharmacie Amavita Condémine,1630,Bulle,2081,Eléonore,Build,4,Eléonore,8179.85,0,Build
7601001374065,Amavita Apotheke Grosse Apotheke,3400,Burgdorf,2129,Michaela,Build,4,Michaela,12600.410000000018,0,Build
7601001378445,Pharmacie Amavita Bagnoud,3963,Crans-Montana,2063,Eléonore,Build,4,Eléonore,8946.23,0,Build
7601001398245,Amavita Apotheke Derendingen,4552,Derendingen,2139,Michaela,Build,4,Michaela,18694.300000000017,1,Build
7601001025639,Pharmacie Amavita Du Croset,1024,Ecublens,2033,Eléonore,Build,4,Eléonore,16433.420000000013,1,Build
7601001398108,Pharmacie Amavita Croisettes,1066,Epalinges,2045,Eléonore,Build,4,Eléonore,5981.929999999998,0,Build
7601001402416,Pharmacie Amavita Croix-Blanche,1066,Epalinges,2045,Eléonore,Build,4,Eléonore,15999.150000000012,1,Build
7601001391840,Pharmacie Amavita St-Barthélemy,1700,Fribourg,2086,Eléonore,Build,4,Eléonore,7798.890000000001,0,Build
7601001375116,Pharmacie Amavita Beauregard,1700,Fribourg,2086,Eléonore,Build,4,Eléonore,6360.100000000003,0,Build
7601001405974,Pharmacie de Belmont Sàrl,1092,Belmont-sur-Lausanne,2045,Eléonore,Build,5,Eléonore,11872.300000000003,0,Build
7601001364288,Drogerie Fischer,3123,Belp,2120,Michaela,Observe,0,Michaela,860.1800000000001,0,Observe
7601001378476,DROPA Drogerie Fischer,3123,Belp,2120,Michaela,Observe,0,Michaela,2874.6800000000007,0,Observe
7601001396449,Apotheke Schützenmatte,3123,Belp,2120,Michaela,Build,4,Michaela,1159.79,0,Build
7601001405127,Apotheke Schönenbrunnen,3123,Belp,2120,Michaela,Build,4,Michaela,2851.0800000000004,0,Build
7601001396432,Apotheke Belp AG,3123,Belp,2120,Michaela,Build,4,Michaela,21249.03,1,Build
7601001408692,Pharmacie Amavita Alpha-Payerne,1530,Payerne,2042,Florence,Build,4,Florence,7184.130000000005,0,Build
7601001403239,Apotheke Mutschellen AG,8965,Berikon,2165,Luis,Build,5,Luis,19201.19999999999,1,Build
7601001014930,Apotheke Dr. Langer,8965,Berikon,2165,Luis,Maintain,4,Luis,16023.839999999997,1,Maintain
7601001007154,TopPharm Dr. Schmid's See-Apotheke,6004,Luzern,2177,Michaela,Build,4,Michaela,22848.68999999999,1,Build
7601001400573,Hirslanden Bern AG - Salem-Spital,3013,Bern,2116,Michaela,Observe,0,Michaela,0.0,0,Observe
7601001373617,Coop Vitality Apotheke Bern Wankdorf,3014,Bern,2116,Michaela,Build,4,Michaela,17252.800000000003,1,Build
7601001400207,Coop Vitality Apotheke Bern Europaplatz,3008,Bern,2117,Michaela,Maintain,4,Michaela,11882.590000000011,0,Maintain
7601001374232,Coop Vitality Apotheke Bern Ryfflihof,3011,Bern,2113,Michaela,Defend,4,Michaela,20269.42000000004,1,Defend
7601001396579,Naturdrogerie Bern AG,3006,Bern,2115,Michaela,Observe,0,Michaela,572.8100000000001,0,Observe
7601001379114,Westside Apotheke AG,3027,Bern,2118,Michaela,Defend,4,Michaela,22850.34999999999,1,Defend
7601001008441,Linden Apotheke - Hörning,3008,Bern,2117,Michaela,Defend,4,Michaela,12903.910000000002,0,Defend
7601001377738,Jura Apotheke AG Bern,3014,Bern,2116,Michaela,Defend,4,Michaela,15786.869999999984,1,Defend
7601001397767,DROPA Apotheke Bern AG,3011,Bern,2113,Michaela,Maintain,4,Michaela,14168.019999999999,1,Maintain
7601001365339,Breitfeld Apotheke AG,3014,Bern,2116,Michaela,Maintain,4,Michaela,7817.379999999992,0,Maintain
7601001008434,Bahnhof Apotheke,3011,Bern,2113,Michaela,Defend,4,Michaela,56486.96999999997,1,Defend
7601001027886,Tscharnergut-Apotheke,3027,Bern,2118,Michaela,Build,4,Michaela,8946.96,0,Build
7601001396159,Schloss-Apotheke,3008,Bern,2117,Michaela,Maintain,4,Michaela,6697.449999999999,0,Maintain
7601001027879,Freudenberg Apotheke,3006,Bern,2115,Michaela,Gain,4,Michaela,11177.74,0,Gain
7601001029514,Bollwerk Apotheke AG,3011,Bern,2113,Michaela,Observe,0,Michaela,7488.270000000001,0,Observe
7601001369962,Medbase Apotheke Winterthur Altstadt,8400,Winterthur,2209,Luis,Build,5,Luis,10174.509999999997,0,Build
7601001315563,Müller Handels AG Schweiz,3011,Bern,2113,Michaela,Observe,0,Michaela,0.0,0,Observe
7601001366442,Pharmacie Amavita Carl-Vogt,1205,Genève,2006,Florence,Build,4,Florence,12066.380000000008,0,Build
7601001374560,Pharmacie Amavita Centre Coop,2740,Moutier,2136,Florence,Build,4,Florence,5085.280000000001,0,Build
7601001374577,Pharmacie Amavita Centre Migros,2740,Moutier,2136,Florence,Build,4,Florence,13565.300000000007,1,Build
7601001305793,Pharmacie Amavita Champs-Fréchets,1217,Meyrin,2016,Florence,Build,4,Florence,11962.480000000012,0,Build
7601002998888,Pharmacie Amavita Charmilles,1203,Genève,2002,Florence,Build,4,Florence,18258.300000000072,1,Build
7601001410398,Pharmacie Amavita Chavornay,1373,Chavornay,2040,Florence,Build,4,Florence,9552.630000000016,0,Build
7601001394742,Pharmacie Amavita Chêne-Bourg,1225,Chêne-Bourg,2010,Florence,Build,4,Florence,6108.180000000006,0,Build
7601001396500,eigerApotheke GmbH,3007,Bern,2114,Michaela,Observe,0,Michaela,7514.969999999998,0,Observe
7601001409712,Christoffel-Apotheke AG,3011,Bern,2113,Michaela,Maintain,4,Michaela,7294.559999999999,0,Maintain
7601001371354,Zähringer Apotheke Ballinari AG,3012,Bern,2117,Michaela,Observe,0,Michaela,5258.870000000001,0,Observe
7601001355552,Kirchenfeld-Apotheke AG,3005,Bern,2114,Michaela,Observe,0,Michaela,6058.519999999999,0,Observe
7601001407398,Friedens-Apotheke,3007,Bern,2114,Michaela,Gain,4,Michaela,3613.28,0,Gain
7601001359314,Brünnen-Apotheke Zentrum-Bümpliz,3018,Bern,2118,Michaela,Gain,4,Michaela,7373.5400000000045,0,Gain
7601001399402,Apotheke Unitobler AG,3012,Bern,2117,Michaela,Observe,0,Michaela,6844.94,0,Observe
7601001393929,Bahnhof Rotpunkt Apotheke Liestal AG,4410,Liestal,2156,Michaela,Build,4,Michaela,11067.130000000005,0,Build
7601001396067,Central Apotheke Olten AG,4600,Olten,2141,Michaela,Build,4,Michaela,14412.16,1,Build
7601001404694,Dr. Wanger Steinbock Apotheke AG,7000,Chur,2236,Sarina,Build,4,Sarina,7756.980000000003,0,Build
7601001023482,Dorfplatz-Drogerie,6370,Stans,2182,Sarina,Build,4,Sarina,0.0,0,Build
7601001595453,TopPharm Hirschen Apotheke,4312,Magden,2176,Michaela,Build,4,Michaela,9675.53,0,Build
7601001371521,TopPharm Zentrum Apotheke Egloff AG,5037,Muhen,2161,Michaela,Build,5,Luis,6642.750000000001,0,Build
7601001402485,TopPharm Zollweiden-Apotheke,4142,Münchenstein,2154,Michaela,Build,4,Michaela,8481.740000000003,0,Build
7601001378919,TopPharm Egg-Apotheke Vitalis,5630,Muri,2165,Luis,Build,5,Luis,16721.23999999999,1,Build
7601001395695,TopPharm Neuenhofer-Apotheke,5432,Neuenhof,2167,Luis,Build,5,Luis,17375.329999999994,1,Build
7601001368385,TopPharm Apotheke Parfümerie Liechti - Im Mischeli,4153,Reinach,2154,Michaela,Build,4,Michaela,9627.480000000001,0,Build
7601001393400,Zytglogge-Apotheke,3011,Bern,2113,Michaela,Maintain,4,Michaela,1773.35,0,Maintain
7601001412033,Weissenbühl-Apotheke,3007,Bern,2114,Michaela,Observe,0,Michaela,1176.47,0,Observe
7601009101953,Schermen Apotheke,3018,Bern,2118,Michaela,Observe,0,Michaela,651.2499999999999,0,Observe
7601001896970,Optipharm Apotheke,3018,Bern,2118,Michaela,Observe,0,Michaela,2637.1299999999997,0,Observe
7601001007918,Bümpliz-Apotheke & Drogerie,3018,Bern,2118,Michaela,Observe,0,Michaela,1867.7200000000003,0,Observe
7601001409354,Apotheke Gurtner,3018,Bern,2118,Michaela,Gain,4,Michaela,44339.97,1,Gain
7601009153488,Bachmätteli Apotheke,3018,Bern,2118,Michaela,Observe,0,Michaela,1491.37,0,Observe
7601001406438,Amavita Bahnhof Apotheke,3001,Bern,2113,Michaela,Observe,0,Michaela,0.0,0,Observe
7601001378889,Pharmacie Amavita Confédération Centre,1204,Genève,2005,Florence,Build,4,Florence,14547.930000000013,1,Build
7601001403697,Pharmacie Amavita de Cortot,1260,Nyon,2027,Florence,Build,4,Florence,7367.7,0,Build
7601003266115,Amavita Wellness,1206,Genève,2007,Florence,Observe,0,Florence,0.0,0,Observe
7601001374621,swidro apotheke drogerie st. michael,6215,Beromünster,2181,Michaela,Maintain,4,Michaela,7993.72,0,Maintain
7601001377127,Alpen-Apotheke,3992,Bettmeralp,2070,Eléonore,Observe,0,Eléonore,991.02,0,Observe
7601001370388,Apotheke Dr. Hysek AG,2504,Biel/Bienne,2134,Florence,Defend,4,Florence,12506.8,0,Defend
7601001398672,Apotheke Dr. Kropf AG,3780,Gstaad,2122,Florence,Build,4,Florence,11178.769999999999,0,Build
7601001378834,BENU Bex,1880,Bex,2052,Eléonore,Maintain,4,Eléonore,12306.300000000003,0,Maintain
7601001544949,Pharmacie de la Fontaine SA,1880,Bex,2052,Eléonore,Maintain,4,Eléonore,3498.0099999999998,0,Maintain
7601001408838,Farmacia Contrada dei Patrizi - Pregassona,6963,Pregassona,2096,Alessia,Build,4,Alessia,7810.989999999998,0,Build
7601001374225,Coop Vitality Farmacia Viganello,6962,Viganello,2096,Alessia,Build,4,Alessia,10177.640000000009,0,Build
7601001400139,Farmacia Stazione,6500,Bellinzona,2109,Alessia,Build,4,Alessia,6840.309999999999,0,Build
7601001379527,Coop Vitality Farmacia Canobbio,6952,Canobbio,2101,Alessia,Build,4,Alessia,14344.239999999985,1,Build
7601001372016,Coop Vitality Farmacia Tenero,6598,Tenero,2108,Alessia,Build,4,Alessia,18002.370000000014,1,Build
7601001402836,Coop Vitality Apotheke Biberist,4562,Biberist,2139,Michaela,Defend,4,Michaela,17495.510000000002,1,Defend
7601001402461,Pharmacie Amavita des 2 Thielles,2525,Le Landeron,2077,Florence,Build,4,Florence,8711.560000000027,0,Build
7601001011625,Apotheke Dr. Portmann AG,3800,Interlaken,2123,Florence,Build,4,Florence,19196.620000000003,1,Build
7601001375734,Apotheke Drogerie Spiez AG,3700,Spiez,2122,Florence,Build,4,Florence,5997.809999999998,0,Build
7601001319561,Apotheke Flamatt AG,3175,Flamatt,2088,Florence,Maintain,4,Florence,10493.97,0,Maintain
7601001404908,Apotheke Frutigen GmbH,3714,Frutigen,2122,Florence,Observe,0,Florence,5994.34,0,Observe
7601001026575,Apotheke Gurmels,3212,Gurmels,2089,Florence,Observe,0,Florence,3853.7799999999993,0,Observe
7601001005815,Apotheke Lyssbach,3250,Lyss,2132,Florence,Maintain,4,Florence,10570.880000000001,0,Maintain
7601001393745,Apotheke Schmitten AG,3185,Schmitten,2088,Florence,Observe,0,Florence,11381.620000000003,0,Observe
7601001394513,Apotheke Weissenau GmbH,3800,Unterseen,2123,Florence,Observe,0,Florence,1161.19,0,Observe
7601001364868,Apotheke-Drogerie am Marktplatz AG,3294,Büren an der Aare,2134,Florence,Maintain,4,Florence,18807.27,1,Maintain
7601001393295,Bahnhof Apotheke AG Interlaken,3800,Interlaken,2123,Florence,Build,4,Florence,15200.089999999991,1,Build
7601001401686,Bahnhof-Apotheke Lyss AG,3250,Lyss,2132,Florence,Maintain,4,Florence,13552.730000000001,1,Maintain
7601001407435,Battenberg Apotheke AG,2504,Biel/Bienne,2134,Florence,Maintain,4,Florence,10580.27,0,Maintain
7601001372948,Beni & Drogerie Team GmbH,3855,Brienz,2123,Florence,Observe,0,Florence,4475.060000000002,0,Observe
7601001545595,BENU Bienne,2502,Biel/Bienne,2135,Florence,Build,4,Florence,6205.149999999999,0,Build
7601009361371,BENU Bienne Gare,2502,Biel/Bienne,2135,Florence,Defend,4,Florence,26586.219999999987,1,Defend
7601001404410,BENU Corcelles de La Côte,2035,Corcelles,2076,Florence,Maintain,4,Florence,9035.280000000006,0,Maintain
7601009071256,BENU Delémont Gare,2800,Delémont,2080,Florence,Build,4,Florence,4543.149999999998,0,Build
7601009071270,BENU Delémont Ville,2800,Delémont,2080,Florence,Maintain,4,Florence,2804.189999999999,0,Maintain
7601001370647,BENU Bière,1145,Bière,2029,Eléonore,Build,4,Eléonore,8865.91000000001,0,Build
7601001326668,Drogerie Fehr AG,3507,Biglen,2126,Michaela,Observe,0,Michaela,3853.2,0,Observe
7601009103698,Lindenapotheke Dorenbach Binningen,4102,Binningen,2152,Michaela,Build,4,Michaela,8435.57,0,Build
7601001407350,Pharmacie Amavita du Lignon,1219,Le Lignon,2015,Florence,Build,4,Florence,11419.610000000002,0,Build
7601001393417,St. Margarethen-Apotheke AG,4102,Binningen,2152,Michaela,Observe,0,Michaela,2999.01,0,Observe
7601001405714,Dorf-Apotheke Gossau AG,8625,Gossau,2210,Sarina,Build,4,Sarina,6510.150000000001,0,Build
7601001406094,Farmacia Maggiorini,6600,Locarno,2106,Alessia,Build,4,Alessia,8650.58,0,Build
7601001019928,Drogerie Treib Parfümerie,8903,Birmensdorf,2204,Luis,Observe,0,Luis,1846.7699999999998,0,Observe
7601001402027,TopPharm Kapuziner Apotheke,4310,Rheinfelden,2176,Michaela,Build,4,Michaela,9649.91,0,Build
7601009395338,Farmacia Arcobaleno,6916,Grancia,2095,Alessia,Build,4,Alessia,2095.0699999999997,0,Build
7601001370487,DROPA Apotheke Drogerie Birrfeld,5242,Birr-Lupfig,2172,Luis,Maintain,4,Luis,13892.0,1,Maintain
7601001374515,Drogerie Schwimbersky GmbH,4127,Birsfelden,2155,Michaela,Maintain,4,Michaela,2046.4200000000003,0,Maintain
7601001366336,TopPharm Apotheke Seengen,5707,Seengen,2163,Luis,Build,5,Luis,15229.99,1,Build
7601001376977,Hard-Apotheke AG,4127,Birsfelden,2155,Michaela,Build,4,Michaela,15592.419999999998,1,Build
7601001396418,TopPharm Wiggere-Apotheke,4802,Strengelbach,2160,Michaela,Build,4,Michaela,18125.489999999998,1,Build
7601001009134,TopPharm Bälliz Apotheke + Drogerie,3600,Thun,2121,Michaela,Build,4,Michaela,14141.730000000001,1,Build
7601001371699,Farmacia di Viganello SA,6962,Viganello,2096,Alessia,Build,4,Alessia,6071.74,0,Build
7601001379220,Sun Store Blonay,1807,Blonay,2049,Eléonore,Build,4,Eléonore,14373.34999999999,1,Build
7601001399037,Pharmacie de Blonay,1807,Blonay,2049,Eléonore,Maintain,4,Eléonore,3458.87,0,Maintain
7601001368392,Farmacia San Salvatore SA,6900,Lugano,2097,Alessia,Build,4,Alessia,9650.699999999999,0,Build
7601001409736,Drogerie Naturheilmittel R. Dreier GmbH,3067,Boll,2127,Michaela,Observe,0,Michaela,3724.59,0,Observe
7601001403369,Apotheke Wyss AG Bolligen,3065,Bolligen,2127,Michaela,Build,4,Michaela,7684.570000000001,0,Build
7601001400474,Apotheke Engelberg AG,6390,Engelberg,2182,Sarina,Gain,4,Sarina,10090.570000000002,0,Gain
7601001378650,BENU Düdingen,3186,Düdingen,2088,Florence,Maintain,4,Florence,11545.04,0,Maintain
7601001393707,TopPharm Wyna-Apotheke,5726,Unterkulm,2161,Luis,Build,5,Luis,17033.07,1,Build
7601001029811,Bruggen-Apotheke AG,9014,St. Gallen,2229,Sarina,Build,4,Sarina,18686.570000000003,1,Build
7601001370623,BENU Ayent,1966,Botyre,2063,Eléonore,Maintain,4,Eléonore,6752.690000000002,0,Maintain
7601001364554,BENU Estavayer,1470,Estavayer-le-Lac,2041,Florence,Maintain,4,Florence,8732.970000000007,0,Maintain
7601001375024,BENU Fleurier,2114,Fleurier,2073,Florence,Maintain,4,Florence,7917.200000000003,0,Maintain
7601001380004,pharmacieplus bramois,1967,Bramois,2062,Eléonore,Observe,0,Eléonore,4940.470000000001,0,Observe
7601001631977,Farmacia Contrada dei Patrizi - Mendrisio,6850,Mendrisio,2093,Alessia,Build,4,Alessia,2866.2800000000016,0,Build
7601001014541,pharmacieplus centro losone,6616,Losone,2104,Alessia,Build,4,Alessia,4958.510000000001,0,Build
7601001399631,Farmacia Caroni,6598,Tenero,2108,Alessia,Build,4,Alessia,8128.36,0,Build
7601001374362,Apotheke Maienfeld,7304,Maienfeld,2238,Sarina,Build,4,Sarina,7333.510000000001,0,Build
7601001404540,Schwarzbuebe-Apotheke AG,4226,Breitenbach,2140,Michaela,Maintain,4,Michaela,11605.39,0,Maintain
7601001368187,Reuss-Apotheke,5620,Bremgarten,2166,Luis,Build,5,Luis,11916.649999999998,0,Build
7601001019027,Apotheke Sunne Märt AG,5620,Bremgarten,2166,Luis,Build,5,Luis,21426.320000000003,1,Build
7601001395411,swidro drogerie bremgarten GmbH,5620,Bremgarten,2166,Luis,Observe,0,Luis,3655.120000000001,0,Observe
7601002998291,TopPharm Apotheke Schröter Utzenstorf,3427,Utzenstorf,2129,Michaela,Build,4,Michaela,12537.01,0,Build
7601001401143,Drogerie M. Studer AG,3047,Bremgarten b. Bern,2128,Michaela,Build,4,Michaela,5292.349999999999,0,Build
7601001394803,BENU Giffers,1735,Giffers,2088,Florence,Observe,0,Florence,10672.280000000006,0,Observe
7601001378667,BENU Gland,1196,Gland,2028,Florence,Build,4,Florence,7629.100000000001,0,Build
7601001412989,Stadtplatz Apotheke,3900,Brig,2069,Eléonore,Maintain,4,Eléonore,6036.740000000001,0,Maintain
7601001412972,Apotheke Pfammatter,3900,Brig,2069,Eléonore,Maintain,4,Eléonore,6050.56,0,Maintain
7601001410602,Bahnhofapotheke Brig,3900,Brig,2069,Eléonore,Build,4,Eléonore,16489.21000000001,1,Build
7601001377202,Apotheke Dr. Guntern AG,3900,Brig,2069,Eléonore,Maintain,4,Eléonore,7580.7,0,Maintain
7601001021860,Farmacia Maggia,6673,Maggia,2107,Alessia,Build,4,Alessia,6052.709999999999,0,Build
7601001400146,Farmacia Delta SA,6600,Locarno,2106,Alessia,Build,4,Alessia,6222.13,0,Build
7601001378308,BENU Broc,1636,Broc,2082,Eléonore,Maintain,4,Eléonore,6152.020000000001,0,Maintain
7601001018136,City Apotheke-Drogerie-Reformhaus Kuhn AG,5200,Brugg,2171,Luis,Maintain,4,Luis,15668.979999999998,1,Maintain
7601001396906,Pharmacie Amavita du Trèfle,2024,St. Aubin-Sauges,2072,Florence,Build,4,Florence,8648.33,0,Build
7601001880573,Apotheke Tschupp AG,5200,Brugg,2171,Luis,Observe,0,Luis,3915.8000000000015,0,Observe
7601001396845,Apotheke Süssbach AG,5200,Brugg,2171,Luis,Gain,4,Luis,8849.75,0,Gain
7601001393684,TopPharm Rathaus-Apotheke,5430,Wettingen,2168,Luis,Build,5,Luis,21367.26,1,Build
7601001721364,BENU La Chaux-de-Fonds Eplatures,2300,La Chaux-de-Fonds,2075,Florence,Maintain,4,Florence,5993.230000000001,0,Maintain
7601001351387,BENU Morat,3280,Murten,2089,Florence,Defend,4,Florence,23223.019999999997,1,Defend
7601001383852,TopPharm Apotheke & Drogerie Brentano Wildegg,5103,Wildegg,2172,Luis,Build,5,Luis,22576.43,1,Build
7601001411821,Apotheke im Freihof,8306,Brüttisellen,2211,Luis,Maintain,4,Luis,6020.539999999999,0,Maintain
7601001409392,Coop Vitality Apotheke Bubendorf,4416,Bubendorf,2156,Michaela,Maintain,4,Michaela,12276.820000000014,0,Maintain
7601001395527,TopPharm Römer-Apotheke,8404,Winterthur,2208,Luis,Build,5,Luis,13952.9,1,Build
7601001401020,APODRO Drogerie Bubikon,8608,Bubikon,2218,Luis,Observe,0,Luis,3330.7700000000004,0,Observe
7601001284098,Drogerie Seiz AG,6033,Buchrain,2181,Michaela,Maintain,4,Michaela,6030.160000000002,0,Maintain
7601001020788,Pharmacie Amavita Florissant,1206,Genève,2007,Florence,Build,4,Florence,17885.650000000023,1,Build
7601001727069,TopPharm Morgental Apotheke Drogerie & Parfümerie,8038,Zürich,2188,Luis,Build,5,Luis,23299.260000000002,1,Build
7601001368156,TopPharm Apotheke Höschgasse AG,8008,Zürich,2200,Luis,Build,5,Luis,13360.539999999999,1,Build
7601001375253,TopPharm Apotheke und Drogerie im Stedtli,3270,Aarberg,2132,Florence,Build,4,Florence,26630.700000000004,1,Build
7601001376717,TopPharm SchlossApotheke im Stedtli,3177,Laupen,2132,Florence,Build,4,Florence,8960.01,0,Build
7601001401198,Toggenburg Drogerie Ebnat-Kappel AG,9642,Ebnat-Kappel,2230,Sarina,Maintain,4,Sarina,3241.1099999999997,0,Maintain
7601001402188,Thur Drogerie Islikon,8546,Islikon,2221,Sarina,Observe,0,Sarina,2604.55,0,Observe
7601001393493,Thur Drogerie Bürglen,8575,Bürglen,2225,Sarina,Maintain,4,Sarina,4480.120000000001,0,Maintain
7601001395046,Drogerie Krämer AG,8180,Bülach,2206,Luis,Observe,0,Luis,2382.14,0,Observe
7601001059412,Pharmacie Amavita Gare Genève,1201,Genève,2001,Florence,Build,4,Florence,60770.330000000155,1,Build
7601001362246,Pharmacie Amavita Gland,1196,Gland,2028,Florence,Build,4,Florence,12785.37000000001,0,Build
7601001399624,Rhein-Apotheke Stein AG,4332,Stein,2175,Michaela,Build,4,Michaela,8978.529999999999,0,Build
7601001021020,Pharmacie-Parfumerie du Levant - Gare SA,1630,Bulle,2081,Eléonore,Maintain,4,Eléonore,0.0,0,Maintain
7601001406346,Pharmacie - Parfumerie du Levant - La Pâla SA,1630,Bulle,2081,Eléonore,Maintain,4,Eléonore,648.65,0,Maintain
7601001012783,Sun Store Bulle Migros,1630,Bulle,2081,Eléonore,Build,4,Eléonore,15292.89000000001,1,Build
7601001368064,Sun Store Bulle Coop,1630,Bulle,2081,Eléonore,Build,4,Eléonore,14012.080000000009,1,Build
7601001396197,Pharmacie Dubas Centre SA,1630,Bulle,2081,Eléonore,Build,4,Eléonore,5919.420000000001,0,Build
7601001396166,Müller Handels AG Schweiz,1630,Bulle,2081,Eléonore,Observe,0,Eléonore,0.0,0,Observe
7601001379831,pharmacieplus dr c. repond SA,1630,Bulle,2081,Eléonore,Build,4,Eléonore,6261.999999999999,0,Build
7601001357310,Pharmacie Amavita Jura,1217,Meyrin,2016,Florence,Build,4,Florence,8409.710000000003,0,Build
7601001012608,BENU Bulle St-Pierre,1630,Bulle,2081,Eléonore,Maintain,4,Eléonore,8168.759999999999,0,Maintain
7601001543904,BENU Bulle Gare,1630,Bulle,2081,Eléonore,Build,4,Eléonore,22345.750000000015,1,Build
7601001005150,Pharmacie-Droguerie-Parfumerie du Levant SA,1630,Bulle,2081,Eléonore,Maintain,4,Eléonore,12662.229999999998,0,Maintain
7601009113352,Droguerie Moënnat SA,1630,Bulle,2081,Eléonore,Observe,0,Eléonore,0.0,0,Observe
7601001027251,Tauben Apotheke Drogerie AG,8200,Schaffhausen,2220,Sarina,Defend,4,Sarina,11695.879999999997,0,Defend
7601001315198,BENU Neuchâtel,2000,Neuchâtel,2071,Florence,Maintain,4,Florence,8416.560000000005,0,Maintain
7601001365070,Drogerie Sommerhalder,5736,Burg,2163,Luis,Observe,0,Luis,0.0,0,Observe
7601001366954,Bahnhof Apotheke Zbinden AG,3400,Burgdorf,2129,Michaela,Build,4,Michaela,10732.309999999985,0,Build
7601001402454,Pharmacie Amavita Le Landeron,2525,Le Landeron,2077,Florence,Build,4,Florence,6145.640000000024,0,Build
7601001019621,Pedro-Drogerie Bräm,3400,Burgdorf,2129,Michaela,Maintain,4,Michaela,13925.47,1,Maintain
7601001399860,Apotheke Ryser AG,3400,Burgdorf,2129,Michaela,Build,4,Michaela,14697.730000000001,1,Build
7601001740372,Swiss Bio Pharma AG,9062,Lustmühle,2226,Sarina,Observe,0,Sarina,203.08,0,Observe
7601001393554,Sun Store Bussigny,1030,Bussigny-près-Lausanne,2032,Eléonore,Maintain,4,Eléonore,8558.120000000006,0,Maintain
7601001364837,Pharmacie Miserez S.A.,1030,Bussigny-près-Lausanne,2032,Eléonore,Build,4,Eléonore,14804.649999999996,1,Build
7601001405172,Pharmacie Saint-Germain SA,1030,Bussigny-près-Lausanne,2032,Eléonore,Observe,0,Eléonore,3360.370000000001,0,Observe
7601001406902,Farmacia Pegaso,6987,Caslano,2099,Alessia,Build,4,Alessia,1816.8399999999997,0,Build
7601001392120,Sun Store Locarno,6600,Locarno,2106,Alessia,Build,4,Alessia,9542.570000000009,0,Build
7601001380639,Sun Store Lugano Peri,6900,Lugano,2097,Alessia,Build,4,Alessia,10485.700000000003,0,Build
7601001394001,Farmacia Amavita Realini,6616,Losone,2104,Alessia,Defend,4,Alessia,21099.57000000001,1,Defend
7601001005839,Farmacia San Luca,6900,Lugano,2097,Alessia,Defend,4,Alessia,10926.199999999999,0,Defend
7601001403949,PharmaExpress,6900,Lugano,2097,Alessia,Defend,4,Alessia,24914.159999999985,1,Defend
7601001368538,BENU Nyon,1260,Nyon,2027,Florence,Maintain,4,Florence,4634.5599999999995,0,Maintain
7601001378070,BENU Orbe,1350,Orbe,2040,Florence,Maintain,4,Florence,3837.050000000002,0,Maintain
7601001372573,BENU Payerne,1530,Payerne,2042,Florence,Maintain,4,Florence,6157.000000000001,0,Maintain
7601001391536,BENU Porrentruy,2900,Porrentruy,2079,Florence,Maintain,4,Florence,2959.149999999999,0,Maintain
7601001371637,BENU Ste-Croix,1450,Ste-Croix,2038,Florence,Maintain,4,Florence,6830.770000000001,0,Maintain
7601001783591,BENU Vernier,1214,Vernier,2016,Florence,Build,4,Florence,14441.15000000001,1,Build
7601001361645,BENU Yverdon Bel-Air,1400,Yverdon-les-Bains,2039,Florence,Defend,4,Florence,11824.970000000003,0,Defend
7601001364547,BENU Yverdon Bloch,1400,Yverdon-les-Bains,2039,Florence,Maintain,4,Florence,7705.150000000001,0,Maintain
7601001374119,BENU Yverdon Sud,1400,Yverdon-les-Bains,2039,Florence,Defend,4,Florence,15994.990000000013,1,Defend
7601001017306,BENU Yverdon Valentin,1400,Yverdon-les-Bains,2039,Florence,Maintain,4,Florence,3985.4100000000008,0,Maintain
7601001399556,BENU Yvonand,1462,Yvonand,2041,Florence,Observe,0,Florence,4482.659999999999,0,Observe
7601001396005,Central-Apotheke,3186,Düdingen,2088,Florence,Observe,0,Florence,1881.3300000000004,0,Observe
7601001014848,Farmacia pharmacieplus malè,6500,Bellinzona,2109,Alessia,Defend,4,Alessia,6668.530000000001,0,Defend
7601001845527,Farmacia Contrada dei Patrizi - Moncucco,6900,Lugano,2097,Alessia,Gain,4,Alessia,2455.8499999999995,0,Gain
7601001551626,Farmacia Contrada dei Patrizi - Molino Nuovo,6900,Lugano,2097,Alessia,Gain,4,Alessia,3440.61,0,Gain
7601001731134,Farmacia Ticinese SA,6500,Bellinzona,2109,Alessia,Gain,4,Alessia,11969.120000000006,0,Gain
7601009413568,Farmacia Fiordaliso - Alpersico SA,6934,Bioggio,2100,Alessia,Gain,4,Alessia,964.3299999999999,0,Gain
7601001396319,Farmacia Celesia SA,6600,Locarno,2106,Alessia,Gain,4,Alessia,7988.3899999999985,0,Gain
7601001391581,Sun Store Lugano Beltramina,6900,Lugano,2097,Alessia,Gain,4,Alessia,7352.980000000004,0,Gain
7601001026667,Farmacia Cattaneo SA,6900,Lugano,2097,Alessia,Maintain,4,Alessia,4254.199999999999,0,Maintain
7601001370463,Coop Vitality Apotheke Biel Centre Bahnhof,2503,Biel/Bienne,2134,Florence,Defend,4,Florence,22426.959999999934,1,Defend
7601001021273,Farmacia Portone,6500,Bellinzona,2109,Alessia,Maintain,4,Alessia,7611.0599999999995,0,Maintain
7601001380516,Ma Pharmacie de Chalais SA,3966,Chalais,2062,Eléonore,Observe,0,Eléonore,2698.84,0,Observe
7601001235922,DROPA Drogerie Cham,6330,Cham,2184,Luis,Build,5,Luis,12567.239999999994,0,Build
7601001391574,Anklin Apotheke AG,6330,Cham,2184,Luis,Build,5,Luis,11913.8,0,Build
7601001230064,Pharmacie de Chamoson,1955,Chamoson,2059,Eléonore,Observe,0,Eléonore,491.11,0,Observe
7601001374751,pharmacieplus de chardonne,1803,Chardonne,2047,Eléonore,Maintain,4,Eléonore,4839.57,0,Maintain
7601001401242,Pharmacie St-Raphaël SA,1637,Charmey (Gruyère),2082,Eléonore,Maintain,4,Eléonore,7161.31,0,Maintain
7601001345713,Pharmacie Amavita Métro-Shopping,1201,Genève,2001,Florence,Build,4,Florence,13951.620000000019,1,Build
7601001400276,Coop Vitality Apotheke Grindelwald,3818,Grindelwald,2123,Florence,Build,4,Florence,11775.760000000007,0,Build
7601001406452,Coop Vitality Apotheke Ins,3232,Ins,2133,Florence,Maintain,4,Florence,12797.449999999997,0,Maintain
7601001408753,Coop Vitality Pharmacie Châtel-Saint-Denis,1618,Châtel-St-Denis,2081,Eléonore,Maintain,4,Eléonore,9466.930000000008,0,Maintain
7601001374713,Medbase Apotheke Zuchwil,4528,Zuchwil,2138,Michaela,Build,4,Michaela,15174.45,1,Build
7601001574441,BENU Châtel-St-Denis - Gare,1618,Châtel-St-Denis,2081,Eléonore,Maintain,4,Eléonore,7554.98000000001,0,Maintain
7601001398795,Droguerie de Châtel-St-Denis,1618,Châtel-St-Denis,2081,Eléonore,Observe,0,Eléonore,0.0,0,Observe
7601001020375,Pharmacie Saint Denis SA,1618,Châtel-St-Denis,2081,Eléonore,Maintain,4,Eléonore,6644.46,0,Maintain
7601001379794,Coop Vitality Apotheke Lyss,3250,Lyss,2132,Florence,Defend,4,Florence,14026.630000000017,1,Defend
7601001029385,Pharmacie de la Cerisaie,1022,Chavannes-près-Renens,2033,Eléonore,Maintain,4,Eléonore,5950.149999999998,0,Maintain
7601001371286,Pharmacie de Chavannes SA,1022,Chavannes-près-Renens,2033,Eléonore,Observe,0,Eléonore,966.5300000000001,0,Observe
7601001408746,Coop Vitality Apotheke Murten,3280,Murten,2089,Florence,Maintain,4,Florence,10537.010000000006,0,Maintain
7601001408203,Coop Vitality Pharmacie Delémont,2800,Delémont,2080,Florence,Maintain,4,Florence,8954.960000000005,0,Maintain
7601001372795,Coop Vitality Pharmacie Fontainemelon,2052,Fontainemelon,2076,Florence,Maintain,4,Florence,7029.640000000004,0,Maintain
7601001374218,Coop Vitality Pharmacie La Chaux-de-Fonds,2300,La Chaux-de-Fonds,2075,Florence,Maintain,4,Florence,8245.300000000001,0,Maintain
7601001375611,Coop Vitality Pharmacie Neuchâtel la Maladière,2000,Neuchâtel,2071,Florence,Maintain,4,Florence,11418.589999999998,0,Maintain
7601001397675,Coop Vitality Pharmacie Onex,1213,Onex,2013,Florence,Build,4,Florence,13935.899999999996,1,Build
7601001409880,Coop Vitality Pharmacie Vich,1267,Vich,2028,Florence,Maintain,4,Florence,12080.500000000011,0,Maintain
7601001409927,Dorfapotheke AG Hinterkappelen,3032,Hinterkappelen,2132,Florence,Maintain,4,Florence,10053.000000000002,0,Maintain
7601001984653,Pharmacie de Chénens Sàrl,1744,Chénens,2084,Eléonore,Maintain,4,Eléonore,4043.5699999999997,0,Maintain
7601001408432,"Pharmacie de Chernex Sàrl, Val-d'Illiez",1822,Chernex,2049,Eléonore,Observe,0,Eléonore,2978.2,0,Observe
7601001364585,Pharmacie Amavita Petit-Lancy,1213,Petit-Lancy,2013,Florence,Build,4,Florence,6135.300000000002,0,Build
7601001364059,Pharmacie de Chexbres,1071,Chexbres,2047,Eléonore,Build,4,Eléonore,6869.56,0,Build
7601001022287,Farmacia St. Antonio Bissone SA,6816,Bissone,2095,Alessia,Maintain,4,Alessia,7716.530000000002,0,Maintain
7601001569355,Farmacia Santa Chiara SA,6833,Vacallo,2091,Alessia,Maintain,4,Alessia,4254.860000000001,0,Maintain
7601001351622,Farmacia Moretti SA,6537,Grono,2110,Alessia,Maintain,4,Alessia,6937.190000000002,0,Maintain
7601001015562,Farmacia San Marco SA,6943,Vezia,2100,Alessia,Maintain,4,Alessia,12413.080000000002,0,Maintain
7601001010789,Farmacia di Breganzona,6900,Lugano,2097,Alessia,Maintain,4,Alessia,6040.359999999999,0,Maintain
7601001349636,Farmacia Verbano GmbH,6648,Minusio,2107,Alessia,Maintain,4,Alessia,7951.279999999997,0,Maintain
7601001399242,Farmacia Cugini SA,6512,Giubiasco,2108,Alessia,Maintain,4,Alessia,5128.33,0,Maintain
7601001012196,Farmacia Giardino,6877,Coldrerio,2092,Alessia,Maintain,4,Alessia,5546.68,0,Maintain
7601001392762,Farmacia Contrada dei Patrizi - Viganello,6962,Viganello,2096,Alessia,Maintain,4,Alessia,5679.259999999999,0,Maintain
7601001022898,Farmacia San Carlo,6932,Breganzona,2098,Alessia,Maintain,4,Alessia,5239.110000000001,0,Maintain
7601001696716,swidro naturdrogerie goldach ag,9403,Goldach,2228,Sarina,Maintain,4,Sarina,1303.38,0,Maintain
7601001395886,swidro drogerie sulgen,8583,Sulgen,2225,Sarina,Gain,4,Sarina,10670.020000000002,0,Gain
7601001634909,swidro drogerie räfis ag,9470,Buchs,2233,Sarina,Maintain,4,Sarina,3059.39,0,Maintain
7601001404984,swidro Drogerie oberzuwil,9242,Oberuzwil,2229,Sarina,Maintain,4,Sarina,5547.320000000001,0,Maintain
7601001022621,swidro Drogerie buchs,9470,Buchs,2233,Sarina,Gain,4,Sarina,8725.390000000003,0,Gain
7601001410497,swidro drogaria alpina gmbh,7130,Ilanz,2237,Sarina,Observe,0,Sarina,3259.8,0,Observe
7601001400917,swidro apotheke drogerie walenstadt gmbh,8880,Walenstadt,2232,Sarina,Gain,4,Sarina,10162.449999999999,0,Gain
7601001015203,swidro apotheke drogerie grabs ag,9472,Grabs,2233,Sarina,Maintain,4,Sarina,7896.379999999998,0,Maintain
7601001783690,Apotheke Hofwis,8352,Elsau,2210,Sarina,Build,4,Sarina,6597.299999999999,0,Build
7601001375079,TopPharm Apotheke Parfümerie Pizol,8887,Mels,2232,Sarina,Defend,4,Sarina,18499.14,1,Defend
7601001410879,Steinmannli Drogerie GmbH,9450,Altstätten,2233,Sarina,Gain,4,Sarina,6455.82,0,Gain
7601001380028,Apotheke Glarus AG,8750,Glarus,2231,Sarina,Build,4,Sarina,8389.14,0,Build
7601009071515,Spisergass Drogerie und Reformhaus,9000,St. Gallen,2227,Sarina,Observe,0,Sarina,2594.9100000000008,0,Observe
7601001028180,Sonnendrogerie,9200,Gossau SG,2229,Sarina,Maintain,4,Sarina,171.33999999999997,0,Maintain
7601001373655,Sonnen-Apotheke,8890,Flums,2232,Sarina,Gain,4,Sarina,9358.9,0,Gain
7601001407541,SiRu Apotheke,9053,Teufen,2226,Sarina,Observe,0,Sarina,197.48000000000002,0,Observe
7601001412125,Seepark Drogerie Kreuzlingen AG,8280,Kreuzlingen,2223,Sarina,Gain,4,Sarina,8280.76,0,Gain
7601001370654,Schwanen Apotheke AG,8862,Schübelbach,2186,Sarina,Observe,0,Sarina,6393.190000000003,0,Observe
7601001017795,Schloss-Apotheke und Drogerie AG,9490,Vaduz,2232,Sarina,Build,4,Sarina,16057.109999999999,1,Build
7601009089145,Säntis Drogerie,9650,Nesslau,2230,Sarina,Observe,0,Sarina,3597.4099999999994,0,Observe
7601001030091,Sankt Georg Apotheke AG,9470,Buchs,2233,Sarina,Observe,0,Sarina,3698.6500000000005,0,Observe
7601001029675,Sun Store Clarens,1815,Clarens,2049,Eléonore,Build,4,Eléonore,7202.590000000008,0,Build
7601001006683,Pharmacie Gambetta,1815,Clarens,2049,Eléonore,Observe,0,Eléonore,3125.589999999999,0,Observe
7601001392342,Pharmacie de Clarens SA,1815,Clarens,2049,Eléonore,Build,4,Eléonore,10483.55,0,Build
7601001393776,Farmacia Rondi,6710,Biasca,2111,Alessia,Maintain,4,Alessia,1995.6,0,Maintain
7601001022706,Farmacia Centro Grancia SA,6916,Grancia,2095,Alessia,Maintain,4,Alessia,10982.56,0,Maintain
7601001408975,Farmacia Ticinese SA,6900,Lugano,2097,Alessia,Maintain,4,Alessia,4579.809999999998,0,Maintain
7601001368828,Sun Store Collombey,1868,Collombey,2054,Eléonore,Build,4,Eléonore,15134.740000000014,1,Build
7601001396814,Pharmacie de Collombey,1868,Collombey,2054,Eléonore,Maintain,4,Eléonore,4919.18,0,Maintain
7601001399822,Pharmacie des Puits SA,1868,Collombey,2054,Eléonore,Maintain,4,Eléonore,5075.31,0,Maintain
7601001404397,Dorfapotheke Brügg AG,2555,Brügg,2133,Florence,Observe,0,Florence,7027.440000000003,0,Observe
7601001366879,Apotheke Dr. Stoffel AG,8640,Rapperswil,2231,Sarina,Build,4,Sarina,15134.690000000022,1,Build
7601001399792,TopPharm Homberg Apotheke AG,5712,Beinwil am See,2163,Luis,Defend,4,Luis,10305.42,0,Defend
7601001351196,Farmacia Dr. Zendralli SA,6535,Roveredo,2110,Alessia,Maintain,4,Alessia,9633.51,0,Maintain
7601001395572,Naturellement Vôtre Sàrl,1964,Conthey,2060,Eléonore,Observe,0,Eléonore,0.0,0,Observe
7601001399709,Coop Vitality Pharmacie Conthey,1964,Conthey,2060,Eléonore,Maintain,4,Eléonore,4965.960000000001,0,Maintain
7601001347120,Sun Store Conthey Forum,1964,Conthey,2060,Eléonore,Build,4,Eléonore,13198.0,1,Build
7601001373082,Sun Store Conthey,1964,Conthey,2060,Eléonore,Build,4,Eléonore,10942.919999999998,0,Build
7601007998425,Pharmacie Conthey Centre SA,1964,Conthey,2060,Eléonore,Build,4,Eléonore,9234.2,0,Build
7601001404854,Müller Handels AG Schweiz,1964,Conthey,2060,Eléonore,Observe,0,Eléonore,0.0,0,Observe
7601001378117,BENU Conthey,1964,Conthey,2060,Eléonore,Defend,4,Eléonore,16912.48000000001,1,Defend
7601009327667,Pharmacie des Arcades SA,1964,Conthey,2060,Eléonore,Gain,4,Eléonore,1450.4,0,Gain
7601001284173,Farmacia Lepori,6950,Tesserete,2102,Alessia,Maintain,4,Alessia,9222.990000000007,0,Maintain
7601001380011,Drogerie Aebi,3280,Murten,2089,Florence,Observe,0,Florence,1637.1799999999998,0,Observe
7601001017047,Drogerie Chrütterhäx AG,1716,Plaffeien,2088,Florence,Observe,0,Florence,4552.38,0,Observe
7601001370951,Drogerie Eberhart,3762,Erlenbach im Simmental,2122,Florence,Observe,0,Florence,4110.94,0,Observe
7601001409255,Pharmacie de Corminboeuf SA,1720,Corminboeuf,2087,Eléonore,Maintain,4,Eléonore,8003.97,0,Maintain
7601001375659,Drogerie Hänni GmbH,3806,Bönigen b. Interlaken,2123,Florence,Maintain,4,Florence,5401.63,0,Maintain
7601001371163,Sun Store Cossonay,1304,Cossonay-Ville,2036,Eléonore,Build,4,Eléonore,13521.380000000003,1,Build
7601001401433,Pharmacie de la Croisée,1304,Cossonay-Ville,2036,Eléonore,Maintain,4,Eléonore,5632.79,0,Maintain
7601001011366,Drogerie im Chappele-Maerit,3033,Hinterkappelen,2132,Florence,Maintain,4,Florence,5406.790000000001,0,Maintain
7601001005785,Drogerie Jaggi AG,3792,Saanen,2122,Florence,Observe,0,Florence,325.27,0,Observe
7601001379183,Drogerie Kandersteg,3718,Kandersteg,2122,Florence,Observe,0,Florence,469.28,0,Observe
7601001395374,Pharmacie Amavita Plainpalais,1205,Genève,2006,Florence,Build,4,Florence,11795.970000000005,0,Build
7601001012516,Drogerie Kropf Biel,2504,Biel/Bienne,2134,Florence,Observe,0,Florence,4105.4400000000005,0,Observe
7601001369955,Drogerie Oberli GmbH,3054,Schüpfen,2132,Florence,Observe,0,Florence,2563.19,0,Observe
7601001018075,Pharmacie et Parfumerie Pharma-Crans,3963,Crans-Montana,2063,Eléonore,Maintain,4,Eléonore,4612.83,0,Maintain
7601001413269,Pharmacie Internationale Montana SA,3963,Crans-Montana,2063,Eléonore,Maintain,4,Eléonore,9036.339999999998,0,Maintain
7601001370548,Pharmacie Amavita Tripet,2000,Neuchâtel,2071,Florence,Build,4,Florence,9159.57000000001,0,Build
7601001405240,BENU Crans-Montana,3963,Crans-Montana,2063,Eléonore,Maintain,4,Eléonore,10845.850000000002,0,Maintain
7601001021112,Droguerie de la Résidence Crans SA,3963,Crans-Montana,2063,Eléonore,Observe,0,Eléonore,2288.47,0,Observe
7601001028111,Drogerie Renfer,2543,Lengnau BE,2134,Florence,Observe,0,Florence,2599.1099999999988,0,Observe
7601001254350,Drogerie Studer AG,3053,Münchenbuchsee,2132,Florence,Observe,0,Florence,3550.95,0,Observe
7610840000059,Coop Vitality Pharmacie Crissier,1023,Crissier,2032,Eléonore,Build,4,Eléonore,14217.220000000005,1,Build
7601001236011,Sun Store Crissier,1023,Crissier,2032,Eléonore,Defend,4,Eléonore,31198.060000000012,1,Defend
7601001370616,Farmacia Moderna SA,6743,Bodio,2112,Alessia,Maintain,4,Alessia,5232.99,0,Maintain
7601001025998,Pharmacie de Cugy,1053,Cugy,2043,Eléonore,Maintain,4,Eléonore,5700.419999999998,0,Maintain
7601001375871,BENU Cugy,1053,Cugy,2043,Eléonore,Maintain,4,Eléonore,11784.890000000007,0,Maintain
7601007999927,Pharmacie de Cully,1096,Cully,2047,Eléonore,Gain,4,Eléonore,5103.47,0,Gain
7601001006270,Farmacia Nord SA,6500,Bellinzona,2109,Alessia,Maintain,4,Alessia,9212.600000000002,0,Maintain
7601001393172,Farmacia del Parco SA,6900,Lugano,2097,Alessia,Maintain,4,Alessia,2547.7700000000004,0,Maintain
7601001405349,Innoval Industrie Apotheke Dagmersellen,6252,Dagmersellen,2180,Michaela,Observe,0,Michaela,0.0,0,Observe
7601001412729,FresuCare Apotheke,6252,Dagmersellen,2180,Michaela,Observe,0,Michaela,0.0,0,Observe
7601001372627,Drogerie Schlumpf GmbH,6252,Dagmersellen,2180,Michaela,Build,4,Michaela,8715.24,0,Build
7601001395725,Apotheke Wyss im Täfernhof,5405,Dättwil,2172,Luis,Build,5,Luis,12476.339999999998,0,Build
7601001400153,Rütli-Apotheke,6440,Brunnen,2185,Sarina,Maintain,4,Sarina,9992.410000000003,0,Maintain
7601001410404,Rot-Tor Apotheke AG,9050,Appenzell,2226,Sarina,Build,4,Sarina,7960.94,0,Build
7601001328099,Ameisen Apotheke AG,9230,Flawil,2229,Sarina,Build,4,Sarina,12753.859999999999,0,Build
7601001402379,Ricken Drogerie GmbH,8737,Gommiswald,2231,Sarina,Observe,0,Sarina,2591.34,0,Observe
7601001412132,Rheintal Drogerie,9445,Rebstein,2233,Sarina,Maintain,4,Sarina,4796.989999999998,0,Maintain
7601002998338,Drogerie Vicus,3235,Erlach,2133,Florence,Observe,0,Florence,1359.2900000000002,0,Observe
7601001400801,Drogerie von Grünigen AG,3780,Gstaad,2122,Florence,Maintain,4,Florence,0.0,0,Maintain
7601001400818,Drogerie von Grünigen AG,3780,Gstaad,2122,Florence,Maintain,4,Florence,11631.150000000001,0,Maintain
7601001380509,Drogerie von Känel GmbH,3713,Reichenbach im Kandertal,2122,Florence,Gain,4,Florence,8543.52,0,Gain
7601001315730,Droguerie d'Orbe,1350,Orbe,2040,Florence,Observe,0,Florence,0.0,0,Observe
7601001006515,Droguerie de Fleurier,2114,Fleurier,2073,Florence,Observe,0,Florence,0.0,0,Observe
7601001393622,Droguerie de l'Aubier Sàrl,2824,Vicques,2080,Florence,Observe,0,Florence,37.879999999999995,0,Observe
7601001371491,Droguerie de l'Orval,2735,Bévilard,2136,Florence,Observe,0,Florence,0.0,0,Observe
7601001403505,Droguerie de La Sarraz,1315,La Sarraz,2037,Florence,Observe,0,Florence,619.6299999999999,0,Observe
7601009273551,Droguerie du Lac SA,2000,Neuchâtel,2071,Florence,Observe,0,Florence,0.0,0,Observe
7601001402720,Pharmacie Amavita Granges-Paccots,1763,Granges-Paccot,2087,Eléonore,Build,4,Eléonore,8187.640000000009,0,Build
7601001394599,Vindonissa Rotpunkt Apotheke AG,5210,Windisch,2171,Luis,Build,5,Luis,19318.780000000002,1,Build
7601001019485,Neuwiesen Apotheke Drogerie AG,8400,Winterthur,2209,Luis,Build,5,Luis,23871.230000000014,1,Build
7601001563292,Rathaus Apotheke C. Held AG,8500,Frauenfeld,2221,Sarina,Observe,0,Sarina,4487.62,0,Observe
7601001311169,Raetus Apotheke AG,7000,Chur,2236,Sarina,Defend,4,Sarina,17857.67000000002,1,Defend
7601001379701,Müller Handels AG Schweiz,8953,Dietikon,2204,Luis,Observe,0,Luis,0.0,0,Observe
7601001399808,Coop Vitality Apotheke Silbern Dietikon,8953,Dietikon,2204,Luis,Defend,4,Luis,18025.380000000012,1,Defend
7601001377691,Amavita Apotheke Horw,6048,Horw,2179,Michaela,Build,4,Michaela,15554.99000000003,1,Build
7601009225383,Limmat Drogerie,8953,Dietikon,2204,Luis,Gain,4,Luis,5163.4800000000005,0,Gain
7601001406018,Herti Apotheke und Drogerie AG,6300,Zug,2183,Luis,Build,5,Luis,15418.799999999997,1,Build
7601001007406,Triemli-Apotheke & Drogerie AG,8047,Zürich,2190,Luis,Build,5,Luis,14883.929999999993,1,Build
7601001379510,Coop Vitality Apotheke Dietlikon,8305,Dietlikon,2213,Luis,Defend,4,Luis,18786.09,1,Defend
7601001321793,Rigi Apotheke und Drogerie AG,8006,Zürich,2198,Luis,Build,5,Luis,16750.92,1,Build
7601001400344,Dorf-Drogerie Hafen AG,8305,Dietlikon,2213,Luis,Observe,0,Luis,0.0,0,Observe
7601001243279,Puls Apotheke & Drogerie AG,8340,Hinwil,2210,Sarina,Defend,5,Sarina,22223.170000000006,1,Defend
7601001025141,Post-Drogerie AG,8762,Schwanden,2231,Sarina,Maintain,4,Sarina,7001.399999999998,0,Maintain
7601001410046,Victoria Apotheke im Circle,8058,Zürich-Flughafen,2212,Luis,Build,5,Luis,13020.020000000002,1,Build
7601001845534,Amavita Apotheke Ittigen,3063,Ittigen,2128,Michaela,Build,4,Michaela,13386.919999999998,1,Build
7601001394889,Droguerie-Herboristerie Roggen Sàrl,1564,Domdidier,2087,Eléonore,Observe,0,Eléonore,0.0,0,Observe
7601001026025,Farmacia San Gottardo,6500,Bellinzona,2109,Alessia,Maintain,4,Alessia,10186.859999999997,0,Maintain
7601001408623,Lindenapotheke Paracelsus Dornach,4143,Dornach,2140,Michaela,Maintain,4,Michaela,5021.360000000001,0,Maintain
7601001395367,Saner Apotheke AG,4143,Dornach,2140,Michaela,Observe,0,Michaela,13425.249999999995,1,Observe
7601001355996,Pharmacie Amavita St- Laurent,1003,Lausanne,2021,Eléonore,Build,4,Eléonore,10838.7,0,Build
7601001399785,Bahnhof-Apotheke + Drogerie,5312,Döttingen,2174,Luis,Build,4,Michaela,15959.049999999996,1,Build
7601001373501,Medbase Apotheke Zürich Zehntenhaus,8046,Zürich,2195,Luis,Build,5,Luis,9114.5,0,Build
7601001366695,Pharmacie Amavita La Harpe,1007,Lausanne,2020,Eléonore,Build,4,Eléonore,7339.080000000005,0,Build
7601001013353,DROPA Marktgass Drogerie Apotheke,8600,Dübendorf,2214,Luis,Defend,4,Luis,10411.62,0,Defend
7601001410640,Bahnhof Apotheke Stettbach,8600,Dübendorf,2214,Luis,Build,5,Luis,18587.759999999995,1,Build
7601001705449,Droguerie du Milieu Sàrl,1400,Yverdon-les-Bains,2039,Florence,Observe,0,Florence,0.0,0,Observe
7601001404038,Droguerie du Vallon Laurent Bühler Sàrl,2610,St-Imier,2137,Florence,Observe,0,Florence,0.0,0,Observe
7601001304741,Droguerie G. Mure SA,2950,Courgenay,2078,Florence,Observe,0,Florence,0.0,0,Observe
7601001020276,Droguerie Goetschmann,2720,Tramelan,2137,Florence,Observe,0,Florence,0.0,0,Observe
7601001772328,Droguerie Herboristerie La Pimprenelle,1260,Nyon,2027,Florence,Observe,0,Florence,0.0,0,Observe
7601001341166,Jura Apotheke Eichenberger AG,4657,Dulliken,2141,Michaela,Build,4,Michaela,11447.590000000002,0,Build
7601001375833,DROPA Drogerie Diener AG,6030,Ebikon,2181,Michaela,Maintain,4,Michaela,9633.170000000007,0,Maintain
7601001405189,DROPA Drogerie Apotheke Mall of Switzerland,6030,Ebikon,2181,Michaela,Defend,4,Michaela,26338.809999999976,1,Defend
7601001403215,Pharmacie Amavita Golaz,1003,Lausanne,2021,Eléonore,Build,4,Eléonore,13370.47,1,Build
7601001371934,Pill Drogerie Heid,7078,Lenzerheide/Lai,2238,Sarina,Build,2,Sarina,3965.11,0,Build
7601002992442,Pill Drogerie Albuville & Erva Shop,8640,Rapperswil SG,2231,Sarina,Observe,0,Sarina,2454.02,0,Observe
7601001370753,Sun Store Echallens,1040,Echallens,2043,Eléonore,Build,4,Eléonore,13326.2,1,Build
7601001405967,Pharmacie Grognuz SA,1040,Echallens,2043,Eléonore,Build,4,Eléonore,8360.539999999999,0,Build
7601001376380,Pharmacie de l'Hôtel de Ville SA,1040,Echallens,2043,Eléonore,Build,4,Eléonore,10400.23,0,Build
7601001027961,pharmacieplus d'échandens,1026,Echandens,2032,Eléonore,Maintain,4,Eléonore,8817.28,0,Maintain
7601001371439,Sun Store Ecublens Croset,1024,Ecublens,2033,Eléonore,Build,4,Eléonore,11476.800000000007,0,Build
7601001253469,Farmacia San Rocco SA,6500,Bellinzona,2109,Alessia,Maintain,4,Alessia,6504.479999999997,0,Maintain
7601001407237,APODRO Drogerie Effretikon,8307,Effretikon,2211,Luis,Observe,0,Luis,3026.2999999999993,0,Observe
7601001394773,BENU Effi-Märt,8307,Effretikon,2211,Luis,Defend,4,Luis,27462.819999999996,1,Defend
7601001369788,Rike-Apotheke AG,8307,Effretikon,2211,Luis,Observe,0,Luis,7306.33,0,Observe
7601001394025,Coop Vitality Apotheke Egerkingen Gäupark,4622,Egerkingen,2140,Michaela,Defend,4,Michaela,26566.77000000004,1,Defend
7601001338296,Müller Handels AG Schweiz,4622,Egerkingen,2140,Michaela,Observe,0,Michaela,0.0,0,Observe
7601001401921,Apotheke Dobler AG,8132,Egg,2218,Luis,Observe,0,Luis,1202.03,0,Observe
7601001005693,Drogerie Pieren GmbH,8132,Egg b. Zürich,2218,Luis,Build,5,Luis,8201.11,0,Build
7601001393219,Stöckli-Eggiwil AG,3537,Eggiwil,2124,Michaela,Observe,0,Michaela,2790.7900000000004,0,Observe
7601001863408,TopPharm Emmen Apotheke,6020,Emmenbrücke,2180,Michaela,Defend,4,Michaela,39006.94999999999,1,Defend
7601001395947,TopPharm Fortuna Apotheke Fahrwangen,5615,Fahrwangen,2164,Luis,Defend,4,Luis,8861.77,0,Defend
7601001393240,Vinzenz Apotheke AG,5074,Eiken,2175,Michaela,Gain,4,Michaela,7481.259999999999,0,Gain
7601001411562,Pill Apotheke Zentrum,9470,Buchs,2233,Sarina,Gain,4,Sarina,13994.550000000001,1,Gain
7601001014428,Pill Apotheke Lai,7078,Lenzerheide/Lai,2238,Sarina,Gain,2,Sarina,9810.270000000004,0,Gain
7601001006744,Pill Apotheke Grischuna,7000,Chur,2236,Sarina,Gain,4,Sarina,9824.429999999998,0,Gain
7601001413207,Pill Apotheke am Bahnhof,8808,Pfäffikon,2186,Sarina,Maintain,4,Sarina,8704.72,0,Maintain
7601001396043,Pill Apotheke & Drogerie St. Fridolin,8754,Netstal,2231,Sarina,Build,4,Sarina,18420.3,1,Build
7601001401990,Anfos Apotheke,4051,Basel,2142,Michaela,Defend,4,Michaela,15577.949999999995,1,Defend
7601009141522,Dorf-Drogerie Krähenbühl,8424,Embrach,2211,Luis,Observe,0,Luis,830.4300000000001,0,Observe
7601009141539,Center-Drogerie Krähenbühl,8424,Embrach,2211,Luis,Maintain,4,Luis,10547.730000000003,0,Maintain
7601001412811,Drogerie und Vitalshop,6020,Emmenbrücke,2180,Michaela,Maintain,4,Michaela,4559.38,0,Maintain
7601001378360,Rosengarten-Apotheke AG,8303,Bassersdorf,2211,Luis,Defend,4,Luis,28294.479999999992,1,Defend
7601001396470,TopPharm Damian Apotheken - Fislisbach,5442,Fislisbach,2172,Luis,Defend,4,Luis,526.3199999999999,0,Defend
7601001404335,Surbtal-Apotheke,5304,Endingen,2170,Luis,Gain,4,Michaela,3942.7299999999996,0,Gain
7601001325142,Pill Apotheke & Drogerie Montana,7050,Arosa,2238,Sarina,Observe,0,Sarina,8568.619999999999,0,Observe
7601001860001,Entlebucher Drogerie,6162,Entlebuch,2179,Michaela,Observe,0,Michaela,4739.589999999999,0,Observe
7601001370807,Amavita Apotheke Würzenbach,6006,Luzern,2181,Michaela,Build,4,Michaela,14359.530000000006,1,Build
7601001370838,Amavita Apotheke LöwenCenter,6004,Luzern,2177,Michaela,Build,4,Michaela,23841.970000000027,1,Build
7601001379497,BENU Epalinges Biopôle,1066,Epalinges,2045,Eléonore,Maintain,4,Eléonore,10745.96,0,Maintain
7601001407794,Amavita Apotheke Mellingen,5507,Mellingen,2166,Luis,Build,5,Luis,19515.490000000013,1,Build
7601007996490,TopPharm Apotheke Arbogast,4132,Muttenz,2155,Michaela,Defend,4,Michaela,13764.95,1,Defend
7601001379121,Pill Apoteca & Drogaria Marcau,7130,Ilanz,2237,Sarina,Gain,4,Sarina,11654.160000000003,0,Gain
7601001376816,Pilatus Drogerie GmbH,6060,Sarnen,2182,Sarina,Observe,0,Sarina,2312.88,0,Observe
7601001027664,Passage Apotheke AG,8500,Frauenfeld,2221,Sarina,Defend,4,Sarina,39250.75999999999,1,Defend
7601001396715,Parsenn-Drogerie Schiers,7220,Schiers,2238,Sarina,Observe,0,Sarina,5029.499999999999,0,Observe
7601001270244,drogi.ch GmbH,6182,Escholzmatt,2179,Michaela,Maintain,4,Michaela,6113.88,0,Maintain
7601001697362,Droguerie l'Etamine Sàrl,2852,Courtételle,2078,Florence,Observe,0,Florence,0.0,0,Observe
7601001404991,Droguerie Mélina Perusset Sàrl,1400,Yverdon-les-Bains,2039,Florence,Observe,0,Florence,0.0,0,Observe
7601001398337,Droguerie Schneitter,2000,Neuchâtel,2071,Florence,Observe,0,Florence,0.0,0,Observe
7601001380394,Sun Store Etoy,1163,Etoy,2029,Eléonore,Build,4,Eléonore,16179.76,1,Build
7601001376649,Blauen Apotheke AG,4107,Ettingen,2153,Michaela,Build,4,Michaela,17433.919999999995,1,Build
7601009142048,Pharmacie Sermet SA,1983,Evolène,2062,Eléonore,Maintain,4,Eléonore,6329.730000000001,0,Maintain
7601001403444,TopPharm Sonnen Apotheke - Niederglatt,8172,Niederglatt,2206,Luis,Defend,4,Luis,16036.24,1,Defend
7601001326156,Farmacia Pellandini SA,6517,Arbedo,2110,Alessia,Maintain,4,Alessia,7547.950000000002,0,Maintain
7601001367692,Farmacia Liver SA,6830,Chiasso,2090,Alessia,Maintain,4,Alessia,4643.509999999998,0,Maintain
7601001379466,BENU Fällanden,8117,Fällanden,2215,Luis,Defend,4,Luis,17657.01,1,Defend
7601001006560,Pharmacie du Gibloux,1726,Farvagny,2084,Eléonore,Build,4,Eléonore,12121.619999999999,0,Build
7601001008977,Parsenn-Drogerie Küblis,7240,Küblis,2238,Sarina,Observe,0,Sarina,1686.1599999999999,0,Observe
7601001398757,Park-Apotheke AG,8280,Kreuzlingen,2223,Sarina,Defend,4,Sarina,15218.6,1,Defend
7601001393318,Coop Vitality Apotheke Feuerthalen,8245,Feuerthalen,2207,Luis,Defend,4,Luis,22892.76000000003,1,Defend
7601001400009,Apotheke Dr. Imhof AG,3984,Fiesch,2070,Eléonore,Maintain,4,Eléonore,11116.71,0,Maintain
7601001396456,TopPharm Damian Apotheken und Drogerien-Nussbaumen,5415,Nussbaumen b. Baden,2170,Luis,Defend,4,Michaela,60136.27000000001,1,Defend
7601001349353,DROPA Drogerie Apotheke Interlaken Ost,3800,Interlaken,2123,Florence,Build,4,Florence,17245.31999999998,1,Build
7601001395077,DROPA Drogerie Flamatt,3175,Flamatt,2088,Florence,Observe,0,Florence,3034.2399999999993,0,Observe
7601001367890,DROPA Drogerie Interlaken,3800,Interlaken,2123,Florence,Maintain,4,Florence,14580.319999999992,1,Maintain
7601001399723,Paracelsus-Apotheke Einsiedeln AG,8840,Einsiedeln,2185,Sarina,Observe,0,Sarina,236.7,0,Observe
7601001373044,Oedenhof Drogerie AG,9300,Wittenbach,2229,Sarina,Build,4,Sarina,9044.279999999999,0,Build
7601009324789,Wydehof Apotheke AG,4226,Breitenbach,2140,Michaela,Defend,4,Michaela,20063.810000000005,1,Defend
7601001374157,DROPA Drogerie Kerzers,3210,Kerzers,2089,Florence,Maintain,4,Florence,3132.9000000000005,0,Maintain
7601001375772,Dropa Drogerie Lyss AG,3250,Lyss,2132,Florence,Observe,0,Florence,3596.2300000000014,0,Observe
7601001067424,DROPA Drogerie Schumacher,3860,Meiringen,2123,Florence,Observe,0,Florence,6757.109999999998,0,Observe
7601001393332,Neudorf Drogerie,9200,Gossau,2229,Sarina,Gain,4,Sarina,8798.069999999998,0,Gain
7601001586871,Natürlich Drogerie Fischer GmbH,8274,Tägerwilen,2223,Sarina,Maintain,4,Sarina,7756.760000000003,0,Maintain
7601001545687,Natürlich Drogerie AG,8625,Gossau,2210,Sarina,Maintain,4,Sarina,5663.9800000000005,0,Maintain
7601001242005,Düdro Drogerie Bahnhofzentrum,3186,Düdingen,2088,Florence,Observe,0,Florence,4852.449999999999,0,Observe
7601001380424,Drogerie Studer AG,3312,Fraubrunnen,2129,Michaela,Observe,0,Michaela,3851.7700000000004,0,Observe
7601001026780,Natur Drogerie Britschgi GmbH,6460,Altdorf,2182,Sarina,Maintain,4,Sarina,3046.95,0,Maintain
7601001010710,Mythen Apotheke Drogerie AG,6438,Ibach,2185,Sarina,Defend,4,Sarina,30098.899999999998,1,Defend
7601001368279,Müller Reformhaus Vital Shop AG,7000,Chur,2236,Sarina,Observe,0,Sarina,0.0,0,Observe
7601001338647,Müller Reformhaus Vital Shop AG,9100,Herisau,2226,Sarina,Observe,0,Sarina,0.0,0,Observe
7601003020335,Müller Reformhaus Vital Shop AG,8640,Rapperswil SG,2231,Sarina,Observe,0,Sarina,0.0,0,Observe
7601003020366,Müller Reformhaus Vital Shop AG,9000,St. Gallen,2227,Sarina,Observe,0,Sarina,0.0,0,Observe
7601001408593,Lindenapotheke Frenkendorf,4402,Frenkendorf,2155,Michaela,Maintain,4,Michaela,6785.52,0,Maintain
7601001377264,Sun Store Fribourg,1700,Fribourg,2086,Eléonore,Build,4,Eléonore,7601.480000000006,0,Build
7601001409248,Pharmacie du Boulevard SA,1700,Fribourg,2086,Eléonore,Gain,4,Eléonore,7641.299999999998,0,Gain
7601001374386,pharmacieplus du bourg,1700,Fribourg,2086,Eléonore,Maintain,4,Eléonore,10516.779999999999,0,Maintain
7601001354456,Pharmacie Amavita Montreux,1820,Montreux,2050,Eléonore,Build,4,Eléonore,7558.370000000002,0,Build
7601001007185,Pharmacie Amavita Morges,1110,Morges,2031,Eléonore,Build,4,Eléonore,9366.810000000009,0,Build
7601001374492,BENU Fribourg Ste-Thérèse,1700,Fribourg,2086,Eléonore,Maintain,4,Eléonore,10945.590000000006,0,Maintain
7601001374706,BENU Fribourg Schönberg,1700,Fribourg,2086,Eléonore,Observe,0,Eléonore,4179.880000000002,0,Observe
7601001316874,BENU Fribourg Pérolles,1700,Fribourg,2086,Eléonore,Build,4,Eléonore,15317.44,1,Build
7601001377394,BENU Fribourg La Galerie,1700,Fribourg,2086,Eléonore,Maintain,4,Eléonore,13315.640000000018,1,Maintain
7601001375963,BENU Fribourg Gare,1700,Fribourg,2086,Eléonore,Defend,4,Eléonore,34011.99000000002,1,Defend
7601001017283,BENU Fribourg-Centre,1700,Fribourg,2086,Eléonore,Defend,4,Eléonore,17567.87,1,Defend
7601001005617,BENU Fribourg Centrale-Marché,1700,Fribourg,2086,Eléonore,Maintain,4,Eléonore,7008.640000000002,0,Maintain
7601001022799,BENU Fribourg Beaumont,1700,Fribourg,2086,Eléonore,Maintain,4,Eléonore,5509.510000000003,0,Maintain
7601001575295,Pharmacie Pérolles 6 Hagendorf,1700,Fribourg,2086,Eléonore,Observe,0,Eléonore,1302.3100000000002,0,Observe
7601001367357,La Pharmacie de la Gare Dr a Marca SA,1701,Fribourg,2086,Eléonore,Maintain,4,Eléonore,11330.910000000003,0,Maintain
7601001394926,Coop Vitality Apotheke Frick,5070,Frick,2175,Michaela,Build,4,Michaela,11644.440000000031,0,Build
7601001377073,Storchen Apotheke und Drogerie,5070,Frick,2175,Michaela,Build,4,Michaela,17050.91,1,Build
7601001375307,Müller Handels AG Schweiz,5070,Frick,2175,Michaela,Observe,0,Michaela,0.0,0,Observe
7601001396128,Löwen-Apotheke Frick AG,5070,Frick,2175,Michaela,Maintain,4,Michaela,6474.6,0,Maintain
7601001877061,Erlebnisdrogerie Adelboden GmbH,3715,Adelboden,2122,Florence,Observe,0,Florence,2468.98,0,Observe
7601001408098,Faust pharmacie Sàrl,1202,Genève,2003,Florence,Maintain,4,Florence,3352.879999999999,0,Maintain
7601001397637,DROPA Drogerie Apotheke Schönthal,4414,Füllinsdorf,2155,Michaela,Defend,4,Michaela,18236.90999999999,1,Defend
7601001410572,Droguerie de la Centaurée Sàrl,1926,Fully,2059,Eléonore,Observe,0,Eléonore,0.0,0,Observe
7601001958227,Pharmacie de Charnot SA,1926,Fully,2059,Eléonore,Observe,0,Eléonore,1411.72,0,Observe
7601001410114,Pharmacie von Roten Village,1926,Fully,2059,Eléonore,Maintain,2,Eléonore,11380.530000000002,0,Maintain
7601001410121,Pharmacie von Roten Migros,1926,Fully,2059,Eléonore,Maintain,2,Eléonore,3473.11,0,Maintain
7601001375291,Müller Handels AG Schweiz,8580,Amriswil,2224,Sarina,Observe,0,Sarina,0.0,0,Observe
7601001397347,Apotheke Oggier AG,3945,Gampel,2066,Eléonore,Defend,4,Eléonore,13247.6,1,Defend
7601001343863,Müller Handels AG Schweiz,9470,Buchs,2233,Sarina,Maintain,4,Sarina,0.0,0,Maintain
7601001403253,Apotheke am Wasserschloss AG,5412,Gebenstorf,2172,Luis,Build,5,Luis,14092.779999999999,1,Build
7601009104008,Lindenapotheke Gelterkinden,4460,Gelterkinden,2156,Michaela,Defend,4,Michaela,17817.31000000001,1,Defend
7601001372719,Apotheke Gelterkinden Handschin AG,4460,Gelterkinden,2156,Michaela,Maintain,4,Michaela,14314.810000000001,1,Maintain
7601001402980,Fit und Gsund aus dem Hause Holzgang GmbH,3818,Grindelwald,2123,Florence,Observe,0,Florence,842.2,0,Observe
7601001023857,"Geno Apotheke Dufourstrasse, Biel",2502,Biel/Bienne,2135,Florence,Maintain,4,Florence,16434.770000000004,1,Maintain
7601001023864,Geno Apotheke Lengnau,2543,Lengnau,2134,Florence,Maintain,4,Florence,8713.519999999997,0,Maintain
7601001023833,"Geno Apotheke Zentralstrasse, Biel",2502,Biel/Bienne,2135,Florence,Maintain,4,Florence,7645.729999999999,0,Maintain
7601001008618,Grosse Apotheke Dr. G. Bichsel AG,3800,Interlaken,2123,Florence,Maintain,4,Florence,9564.73,0,Maintain
7601001391598,Gstaaderhof Apotheke,3780,Gstaad,2122,Florence,Observe,0,Florence,3763.9299999999994,0,Observe
7601001913295,Hasli-Apotheke Colonia AG,3860,Meiringen,2123,Florence,Observe,0,Florence,5981.860000000002,0,Observe
7601001707030,La Pharmacie du Centre SA,2800,Delémont,2080,Florence,Observe,0,Florence,3084.709999999999,0,Observe
7601001402560,La Pharmacie Rive Gauche,1207,Genève,2004,Florence,Build,4,Florence,6536.799999999999,0,Build
7601001373464,Medbase Apotheke Dübendorf,8600,Dübendorf,2214,Luis,Defend,4,Luis,23314.030000000017,1,Defend
7601001409606,Medbase Apotheke Biel Brüggmoos,2555,Brügg,2133,Florence,Defend,4,Florence,27329.109999999982,1,Defend
7601001373556,Medbase Apotheke Glattbrugg,8152,Glattbrugg,2213,Luis,Defend,4,Luis,18318.930000000004,1,Defend
7601001402072,Mett Apotheke,2504,Biel/Bienne,2134,Florence,Observe,0,Florence,5110.400000000004,0,Observe
7601001346680,Müller Handels AG Schweiz,2500,Biel/Bienne,2135,Florence,Build,4,Florence,0.0,0,Build
7601001380387,Müller Handels AG Schweiz,2800,Delémont,2080,Florence,Observe,0,Florence,0.0,0,Observe
7601001396012,Neue Apotheke,3186,Düdingen,2088,Florence,Build,4,Florence,11177.829999999998,0,Build
7601001405745,Neue Apotheke Flamatt,3175,Flamatt,2088,Florence,Observe,0,Florence,3437.99,0,Observe
7601001965102,Neue Apotheke Golliez AG,3280,Murten,2089,Florence,Maintain,4,Florence,9928.96,0,Maintain
7601001376311,Nouvelle Pharmacie du Bourg-de-Four Sàrl,1204,Genève,2005,Florence,Maintain,4,Florence,5701.360000000001,0,Maintain
7601007995837,Öffentliche Apotheke SZB - Pharmacie publique CHB,2502,Biel /Bienne,2135,Florence,Observe,0,Florence,3577.159999999999,0,Observe
7601001019577,Pedro-Drogerie Frutigen,3714,Frutigen,2122,Florence,Observe,0,Florence,338.97,0,Observe
7601001019607,Pedro-Drogerie Moser,3770,Zweisimmen,2122,Florence,Build,4,Florence,1722.0,0,Build
7601001364707,pharma24 SA,1205,Genève,2006,Florence,Defend,4,Florence,41957.28,1,Defend
7601001007192,Pharmacie Amavita La Gottaz,1110,Morges,2031,Eléonore,Build,4,Eléonore,12369.680000000008,0,Build
7601001404014,Amavita Apotheke Zentral,5630,Muri,2165,Luis,Build,5,Luis,11227.55,0,Build
7601001845541,Amavita Apotheke Ostermundingen,3072,Ostermundigen,2127,Michaela,Build,4,Michaela,14489.45,1,Build
7601001406117,Amavita Apotheke Pratteln,4133,Pratteln,2155,Michaela,Build,4,Michaela,13100.220000000007,1,Build
7601001406124,Amavita Apotheke Bahnhof Pratteln,4133,Pratteln,2155,Michaela,Build,4,Michaela,12423.30000000001,0,Build
7601001396883,Pharmacie-Parfumerie Amavita Pulliérane,1009,Pully,2046,Eléonore,Build,4,Eléonore,9907.21000000001,0,Build
7601001372511,Amavita Apotheke Regensdorf,8105,Regensdorf,2205,Luis,Build,5,Luis,20466.96000000002,1,Build
7601001369320,Amavita Apotheke Riehen,4125,Riehen,2150,Michaela,Build,4,Michaela,16177.160000000027,1,Build
7601001369337,Amavita Apotheke Rauracher,4125,Riehen,2150,Michaela,Build,4,Michaela,11583.570000000007,0,Build
7601001405912,Pharmacie Amavita Savigny,1073,Savigny,2044,Eléonore,Build,4,Eléonore,12328.27,0,Build
7601001374485,Pharmacie Amavita Burgener,3960,Sierre,2065,Eléonore,Build,4,Eléonore,4649.85,0,Build
7601001375888,Amavita Apotheke im Bahnhof,3600,Thun,2121,Michaela,Build,4,Michaela,20173.580000000045,1,Build
7601001372580,Amavita Apotheke Unterägeri,6314,Unterägeri,2184,Luis,Build,5,Luis,15407.040000000023,1,Build
7601001367753,Amavita Apotheke Vorstadt,8200,Schaffhausen,2220,Sarina,Build,4,Sarina,10593.430000000002,0,Build
7601001378612,Amavita Apotheke Seen,8405,Winterthur,2210,Sarina,Build,4,Sarina,17841.250000000015,1,Build
7601001398238,Amavita Apotheke Rigimärt,6403,Küssnacht am Rigi,2185,Sarina,Build,4,Sarina,22902.350000000057,1,Build
7601001376922,Amavita Apotheke Landi,7001,Chur,2236,Sarina,Build,4,Sarina,6647.330000000002,0,Build
7601001368620,Amavita Apotheke Gallusmarkt,9016,St. Gallen,2228,Sarina,Build,4,Sarina,20817.84000000006,1,Build
7601001402874,Amavita Apotheke Frohsinn,8730,Uznach,2231,Sarina,Build,4,Sarina,19364.10000000005,1,Build
7601001375895,Amavita Apotheke Chur,7000,Chur,2236,Sarina,Build,4,Sarina,21822.25999999999,1,Build
7601001392144,Amavita Apotheke & Drogerie Altdorf,6460,Altdorf,2182,Sarina,Build,4,Sarina,11958.390000000016,0,Build
7601001403161,Amavita Kreuz Apotheke,3052,Zollikofen,2128,Michaela,Build,4,Michaela,17074.640000000036,1,Build
7601001379442,Amavita Apotheke Zug,6300,Zug,2183,Luis,Build,5,Luis,12808.790000000005,0,Build
7601001373587,Amavita Apotheke Sunnemärt,8134,Adliswil,2203,Luis,Defend,4,Luis,27528.940000000053,1,Defend
7601001967465,Amavita Apotheke Niesen Spiez,3700,Spiez,2122,Florence,Defend,4,Florence,8315.230000000003,0,Defend
7601001378155,Farmacia MG Bernasconi SA,6804,Bironico,2102,Alessia,Maintain,4,Alessia,5239.350000000002,0,Maintain
7601001378483,Amavita Apotheke Bahnhof Bern,3011,Bern,2113,Michaela,Defend,4,Michaela,45577.23999999979,1,Defend
7601001392212,Amavita Apotheke Biberist,4562,Biberist,2139,Michaela,Defend,4,Michaela,17085.13000000004,1,Defend
7601001392137,Amavita Apotheke Wynecenter,5033,Buchs,2173,Luis,Defend,4,Luis,19903.26000000003,1,Defend
7601001370814,Amavita Apotheke Sonnenhof,8180,Bülach,2206,Luis,Defend,4,Luis,18848.870000000014,1,Defend
7601001846876,Amavita Apotheke Bülach,8180,Bülach,2206,Luis,Defend,4,Luis,20763.59000000003,1,Defend
7601009255298,Amavita Apotheke Dottikon,5605,Dottikon,2166,Luis,Defend,4,Luis,15304.290000000014,1,Defend
7601001370852,Amavita Apotheke Erlibacher-Märt,8703,Erlenbach,2216,Luis,Defend,4,Luis,20225.620000000028,1,Defend
7601001996694,Pharmacie Amavita Bienne Boujean,2504,Biel/Bienne,2134,Florence,Defend,4,Florence,13752.999999999995,1,Defend
7601001372122,Pharmacie Amavita La Poste,2400,Le Locle,2074,Florence,Defend,4,Florence,6974.680000000004,0,Defend
7601001376205,Amavita Apotheke Köniz,3098,Köniz,2119,Michaela,Defend,4,Michaela,29810.53000000009,1,Defend
7601001370845,Amavita Apotheke Schönbühl,6005,Luzern,2179,Michaela,Defend,4,Michaela,16340.740000000009,1,Defend
7601001373020,Amavita Apotheke Oberengstringen,8102,Oberengstringen,2205,Luis,Defend,4,Luis,15481.950000000015,1,Defend
7601001413115,Amavita Apotheke Oftringen,4665,Oftringen,2159,Michaela,Defend,4,Michaela,14111.030000000015,1,Defend
7601001364141,Amavita Apotheke Shoppyland,3321,Schönbühl,2128,Michaela,Defend,4,Michaela,37752.08,1,Defend
7601001395282,Amavita Apotheke Tivoli,8957,Spreitenbach,2167,Luis,Defend,4,Luis,19099.41000000004,1,Defend
7601001395015,Amavita Apotheke Vispach,3930,Visp,2066,Eléonore,Defend,4,Eléonore,27107.550000000043,1,Defend
7601001370869,Amavita Apotheke Bahnhof,8820,Wädenswil,2201,Luis,Defend,4,Luis,31024.96000000009,1,Defend
7601001368729,Amavita Apotheke Glattzentrum,8301,Wallisellen,2213,Luis,Defend,4,Luis,46608.11999999992,1,Defend
7601001371644,Pharmacie Bandol SA,1213,Onex,2013,Florence,Observe,0,Florence,2478.4800000000005,0,Observe
7601001370357,Pharmacie Bédat SA,1201,Genève,2001,Florence,Observe,0,Florence,4127.320000000002,0,Observe
7601001810143,Pharmacie Belle-Terre,1226,Thônex,2011,Florence,Observe,0,Florence,1949.0199999999998,0,Observe
7601001024441,Pharmacie Bertrand SA,1203,Genève,2002,Florence,Maintain,4,Florence,7320.039999999999,0,Maintain
7601009533587,Pharmacie Bichsel,2732,Reconvilier,2136,Florence,Build,4,Florence,0.0,0,Build
7601009342844,Pharmacie Bio Wendt Sàrl,1203,Genève,2002,Florence,Gain,4,Florence,55.43,0,Gain
7601001367197,Pharmacie Bleue SA,1222,Vésenaz,2009,Florence,Build,4,Florence,12579.930000000002,0,Build
7601001023215,Pharmacie Centrale,1350,Orbe,2040,Florence,Maintain,4,Florence,866.56,0,Maintain
7601001345003,Pharmacie Centrale de Boudry SA,2017,Boudry,2072,Florence,Maintain,4,Florence,5321.6,0,Maintain
7601001374805,Pharmacie Centrale Emery SA,1400,Yverdon-les-Bains,2039,Florence,Build,4,Florence,11258.5,0,Build
7601001015845,Pharmacie Centrale LCF SA,2300,La Chaux-de-Fonds,2075,Florence,Build,4,Florence,10218.3,0,Build
7601001409323,Pharmacie Cité Universitaire SA,1206,Genève,2007,Florence,Observe,0,Florence,6001.700000000001,0,Observe
7601001303287,Pharmacie D'Herborence Sàrl,2017,Boudry,2072,Florence,Maintain,4,Florence,8916.960000000001,0,Maintain
7601001364035,Pharmacie d'Onex SA,1213,Onex,2013,Florence,Maintain,4,Florence,7724.029999999999,0,Maintain
7601001406995,Pharmacie de Bellevue Sàrl,1293,Bellevue,2018,Florence,Maintain,4,Florence,6430.610000000004,0,Maintain
7601001009417,Pharmacie de Bernex F. Perret SARL,1233,Bernex,2015,Florence,Build,4,Florence,9962.769999999999,0,Build
7601001356337,Pharmacie de Champel SA,1206,Genève,2007,Florence,Maintain,4,Florence,3583.3899999999985,0,Maintain
7601001368927,Pharmacie de Chêne-Bougeries Sàrl,1224,Chêne-Bougeries,2010,Florence,Maintain,4,Florence,6196.64,0,Maintain
7601001375444,Pharmacie de Cologny SA,1223,Cologny,2009,Florence,Observe,0,Florence,4392.099999999999,0,Observe
7601001394421,Pharmacie de Courgenay P. Neukomm SA,2950,Courgenay,2078,Florence,Maintain,4,Florence,5724.4800000000005,0,Maintain
7601001379688,Pharmacie de Crans-Céligny SA,1299,Crans-près-Céligny,2026,Florence,Observe,0,Florence,1594.75,0,Observe
7601001013964,Pharmacie de Florissant,1206,Genève,2007,Florence,Maintain,4,Florence,3610.6600000000008,0,Maintain
7601001392892,Pharmacie de Frontenex,1207,Genève,2004,Florence,Observe,0,Florence,1583.0199999999998,0,Observe
7601001243187,Pharmacie de Genolier,1272,Genolier,2028,Florence,Observe,0,Florence,3027.31,0,Observe
7601001403048,Pharmacie de Grandson SA,1422,Grandson,2038,Florence,Build,4,Florence,10685.650000000001,0,Build
7601001026063,Pharmacie de l'Ancien Palais,1205,Genève,2006,Florence,Observe,0,Florence,2376.579999999999,0,Observe
7601001402508,Pharmacie de l'Areuse SA,2105,Travers,2073,Florence,Maintain,4,Florence,5444.49,0,Maintain
7601009112676,Pharmacie de l'Ecluse,2000,Neuchâtel,2071,Florence,Gain,4,Florence,3387.7900000000004,0,Gain
7601001008014,Pharmacie de l'Hôtel-de-Ville,2300,La Chaux de Fonds,2075,Florence,Maintain,4,Florence,6604.580000000002,0,Maintain
7601001399372,Pharmacie de l'Île Verte,1203,Genève,2002,Florence,Maintain,4,Florence,4136.800000000001,0,Maintain
7601001410626,Pharmacie de l'Orbe SA,1350,Orbe,2040,Florence,Build,4,Florence,14198.139999999998,1,Build
7601001393981,Pharmacie de la Bâtie,1213,Petit-Lancy,2013,Florence,Observe,0,Florence,1263.48,0,Observe
7601001401549,Pharmacie de la Chapelle,1212,Grand-Lancy,2014,Florence,Build,4,Florence,3868.7599999999993,0,Build
7601001372870,Pharmacie de la Concorde Sàrl,1203,Genève,2002,Florence,Observe,0,Florence,2845.710000000001,0,Observe
7601001366329,Drogerie Frey GmbH,4563,Gerlafingen,2139,Michaela,Build,4,Michaela,6751.81,0,Build
7601001405738,Pill Apotheke im Dorf,8954,Geroldswil,2205,Luis,Maintain,4,Luis,10369.650000000001,0,Maintain
7601001013773,Pharmacie de la Corraterie SA,1204,Genève,2005,Florence,Observe,0,Florence,670.95,0,Observe
7601001395138,Pharmacie de Gimel Sàrl,1188,Gimel,2029,Eléonore,Maintain,4,Eléonore,4825.0199999999995,0,Maintain
7601001377080,St. Wendelins Apotheke AG,5073,Gipf-Oberfrick,2175,Michaela,Build,4,Michaela,5065.710000000001,0,Build
7601001021945,Farmacia Arcate SA,6516,Cugnasco,2108,Alessia,Maintain,4,Alessia,5092.58,0,Maintain
7601001365537,Farmacia Soldati SA,6600,Locarno,2106,Alessia,Maintain,4,Alessia,9353.55,0,Maintain
7601001376441,Farmacia Riazzino,6595,Riazzino,2108,Alessia,Maintain,4,Alessia,9393.860000000002,0,Maintain
7601001018778,Farmacia Varini,6600,Locarno,2106,Alessia,Maintain,4,Alessia,6648.889999999998,0,Maintain
7601001401730,Pharmacie du Champ de l'Orme SA,1762,Givisiez,2087,Eléonore,Maintain,4,Eléonore,185.85999999999999,0,Maintain
7601001405578,Pharmacie de Givisiez,1762,Givisiez,2087,Eléonore,Maintain,4,Eléonore,6568.219999999999,0,Maintain
7601001372375,Pharmacie de la Fontenette SA,1227,Carouge,2012,Florence,Observe,0,Florence,1308.63,0,Observe
7601001026940,Pharmacie de la Gare Moutier SA,2740,Moutier,2136,Florence,Maintain,4,Florence,340.40000000000003,0,Maintain
7601001372085,Pharmacie de la Gare Neuchâtel SA,2000,Neuchâtel,2071,Florence,Gain,4,Florence,16066.320000000002,1,Gain
7601001374881,Pharmacie de la Gare Sàrl,2300,La Chaux-de-Fonds,2075,Florence,Build,4,Florence,11506.449999999999,0,Build
7601001367012,Pharmacie de la Place du Cirque SA,1205,Genève,2006,Florence,Maintain,4,Florence,6857.120000000001,0,Maintain
7601001410831,Müller Handels AG Schweiz,7000,Chur,2236,Sarina,Observe,0,Sarina,0.0,0,Observe
7601001332225,Müller Handels AG Schweiz,7260,Davos Dorf,2239,Sarina,Observe,0,Sarina,0.0,0,Observe
7601001376182,Müller Handels AG Schweiz,9200,Gossau,2229,Sarina,Observe,0,Sarina,0.0,0,Observe
7601001394070,Medbase Apotheke Pfäffikon,8330,Pfäffikon,2210,Sarina,Defend,4,Sarina,22596.580000000005,1,Defend
7601001014237,TopPharm Zentrums-Apotheke Regensdorf,8105,Regensdorf,2205,Luis,Defend,4,Luis,27772.57,1,Defend
7601001397583,Apotheke Simplon Center,3902,Glis,2069,Eléonore,Defend,4,Eléonore,26763.060000000005,1,Defend
7601001304710,Apotheke Rhodania AG,3902,Glis,2069,Eléonore,Maintain,4,Eléonore,10024.93,0,Maintain
7601001377196,City Apotheke Dr. Guntern Pharma AG,3902,Glis,2069,Eléonore,Maintain,4,Eléonore,11990.45,0,Maintain
7601001992429,Müller Handels AG Schweiz,8340,Hinwil,2210,Sarina,Observe,0,Sarina,0.0,0,Observe
7601001379718,Müller Handels AG Schweiz,7302,Landquart,2238,Sarina,Observe,0,Sarina,0.0,0,Observe
7601001391451,Müller Handels AG Schweiz,8752,Näfels,2231,Sarina,Observe,0,Sarina,0.0,0,Observe
7601001992436,Müller Handels AG Schweiz,9494,Schaan,2232,Sarina,Observe,0,Sarina,0.0,0,Observe
7601001402713,Müller Handels AG Schweiz,7151,Schluein,2237,Sarina,Observe,0,Sarina,0.0,0,Observe
7601001376700,Farmacia Al Ponte,6514,Sementina,2108,Alessia,Maintain,4,Alessia,10113.019999999991,0,Maintain
7601001371538,Farmacia della Posta SA,6514,Sementina,2108,Alessia,Maintain,4,Alessia,5479.9900000000025,0,Maintain
7601001401815,Müller Handels AG Schweiz,9000,St. Gallen,2227,Sarina,Build,4,Sarina,0.0,0,Build
7601001343887,Müller Handels AG Schweiz,8730,Uznach,2231,Sarina,Observe,0,Sarina,0.0,0,Observe
7601001380530,Müller Handels AG Schweiz,8570,Weinfelden,2225,Sarina,Gain,4,Sarina,0.0,0,Gain
7601001343870,Müller Handels AG Schweiz,8570,Weinfelden,2225,Sarina,Observe,0,Sarina,0.0,0,Observe
7601001392366,Müller Handels AG Schweiz,8620,Wetzikon,2210,Sarina,Observe,0,Sarina,0.0,0,Observe
7601001396494,Müller Handels AG Schweiz,9535,Wilen b. Wil,2225,Sarina,Observe,0,Sarina,0.0,0,Observe
7601001372726,Montalin Apotheke AG,7000,Chur,2236,Sarina,Build,4,Sarina,9642.259999999997,0,Build
7601001401853,Medicus Drogerie AG,9113,Degersheim,2229,Sarina,Maintain,4,Sarina,3119.4500000000003,0,Maintain
7601001404731,Apotheke Lagger Grächen AG,3925,Grächen,2067,Eléonore,Maintain,4,Eléonore,6814.85,0,Maintain
7601001011601,Farmacia Taverne,6807,Taverne,2102,Alessia,Maintain,4,Alessia,9039.730000000001,0,Maintain
7601001398559,BENU Bellinzona,6500,Bellinzona,2109,Alessia,Maintain,4,Alessia,8791.580000000022,0,Maintain
7601001406285,Pharmacie de la Place SA,1400,Yverdon-les-Bains,2039,Florence,Observe,0,Florence,1863.7,0,Observe
7601009264788,Pharmacie de la Prairie,1202,Genève,2003,Florence,Maintain,4,Florence,4750.150000000001,0,Maintain
7601001367043,Pharmacie de la Promenade,1530,Payerne,2042,Florence,Gain,4,Florence,6927.81,0,Gain
7601001407299,Pharmacie de la Sarraz,1315,La Sarraz,2037,Florence,Observe,0,Florence,6596.029999999999,0,Observe
7601001230088,Pharmacie de la Tour SA,1218,Le Grand-Saconnex,2018,Florence,Maintain,4,Florence,7424.610000000002,0,Maintain
7601001019553,Pharmacie de Lucens,1522,Lucens,2041,Florence,Gain,4,Florence,5370.469999999998,0,Gain
7601001396517,"Coop Vitality Pharmacie Granges-Paccot, Agy",1763,Granges-Paccot,2087,Eléonore,Build,4,Eléonore,7305.560000000003,0,Build
7601001371255,Amavita Apotheke Uzwil,9240,Uzwil,2229,Sarina,Defend,4,Sarina,18937.630000000052,1,Defend
7601001320529,Pharmacie de Malagnou,1208,Genève,2008,Florence,Maintain,4,Florence,5387.699999999998,0,Maintain
7601001242845,Drogerie Kaufmann,5722,Gränichen,2161,Luis,Observe,0,Luis,2641.67,0,Observe
7601001406568,Apotheke Gränichen AG,5722,Gränichen,2161,Luis,Build,5,Luis,12600.279999999999,0,Build
7601001397699,BENU Giubiasco,6512,Giubiasco,2108,Alessia,Maintain,4,Alessia,9276.519999999997,0,Maintain
7601001379213,APODRO Apotheke Greifensee,8606,Greifensee,2215,Luis,Maintain,4,Luis,7782.720000000003,0,Maintain
7601001376106,DROPA Drogerie Arnold AG,2540,Grenchen,2139,Michaela,Maintain,4,Michaela,5810.030000000002,0,Maintain
7601001395923,Medbase Apotheke Jona,8645,Jona,2231,Sarina,Defend,4,Sarina,25747.110000000004,1,Defend
7601001400122,Büli Apotheke Parfumerie AG,8180,Bülach,2206,Luis,Defend,4,Luis,17637.690000000002,1,Defend
7601001362758,Pharmacie Les Crêtes SA,1971,Grimisuat,2060,Eléonore,Maintain,4,Eléonore,5418.1,0,Maintain
7601001391925,Pharmacie de Mauverney SA,1196,Gland,2028,Florence,Gain,4,Florence,6569.84,0,Gain
7601001017009,Pharmacie de Meyrin,1217,Meyrin,2016,Florence,Build,4,Florence,15141.339999999998,1,Build
7601001331310,Pharmacie de Grône,3979,Grône,2062,Eléonore,Observe,0,Eléonore,2831.52,0,Observe
7601001398542,Pharma Futura SA,3979,Grône,2062,Eléonore,Observe,0,Eléonore,0.0,0,Observe
7601001412385,Farmacia Fiore,6600,Locarno,2106,Alessia,Maintain,4,Alessia,1789.1999999999996,0,Maintain
7601001378438,Rigi Apotheke und Drogerie Goldau AG,6410,Goldau,2185,Sarina,Defend,4,Sarina,14307.979999999996,1,Defend
7601001366008,Pharmacie de Meyrin-Village SA,1217,Meyrin,2016,Florence,Observe,0,Florence,9111.640000000005,0,Observe
7601002996938,Pharmacie de Mies Sàrl,1295,Mies,2026,Florence,Observe,0,Florence,8603.260000000007,0,Observe
7601001403765,Pharmacie de Miremont Sàrl,1206,Genève,2007,Florence,Maintain,4,Florence,12516.259999999997,0,Maintain
7601001410381,Pharmacie de Montagny Sàrl,1442,Montagny-près-Yverdon,2038,Florence,Maintain,4,Florence,13410.75,1,Maintain
7601001374195,Coop Vitality Apotheke Grenchen,2540,Grenchen,2139,Michaela,Build,4,Michaela,18467.58000000006,1,Build
7601001392328,TopPharm Apotheke Meyer,6210,Sursee,2180,Michaela,Defend,4,Michaela,28026.339999999997,1,Defend
7601001404977,Pharmacie de Montbrillant SA,1202,Genève,2003,Florence,Gain,4,Florence,5746.67,0,Gain
7601001407183,medic2go AG,7017,Flims Dorf,2237,Sarina,Observe,0,Sarina,2090.58,0,Observe
7601001375451,DROPA Drogerie Apotheke Hägendorf,4614,Hägendorf,2140,Michaela,Build,4,Michaela,18622.28,1,Build
7601001380660,Drogerie Rütimann AG,8915,Hausen am Albis,2203,Luis,Observe,0,Luis,4151.12,0,Observe
7601001356436,Pharmacie de Nendaz Sàrl,1997,Haute-Nendaz,2058,Eléonore,Maintain,4,Eléonore,7151.75,0,Maintain
7601001402324,Pharmacie des Montagnes SA,1997,Haute-Nendaz,2058,Eléonore,Maintain,4,Eléonore,10076.710000000001,0,Maintain
7601009057694,BENU Posieux,1725,Hauterive,2085,Eléonore,Gain,4,Eléonore,6374.180000000002,0,Gain
7601001403611,Medi Porta AG - Arzt und Apotheke gleis d,7000,Chur,2236,Sarina,Maintain,4,Sarina,3418.65,0,Maintain
7601001611870,Medbase Apotheke Oensingen,4702,Oensingen,2140,Michaela,Defend,4,Michaela,19301.89,1,Defend
7601001375758,Medbase Apotheke Uster,8610,Uster,2215,Luis,Defend,4,Luis,29587.440000000024,1,Defend
7601001409941,Medbase Apotheke Volketswil,8604,Volketswil,2214,Luis,Defend,4,Luis,22203.989999999994,1,Defend
7601001395848,Medbase Apotheke Zürich Rotbuch,8037,Zürich,2194,Luis,Defend,4,Luis,15473.24,1,Defend
7601009103704,Coop Vitality Apotheke Heimberg,3627,Heimberg,2124,Michaela,Defend,4,Michaela,26214.92000000006,1,Defend
7601001373488,Medbase Apotheke Zürich Helvetiaplatz,8004,Zürich,2192,Luis,Defend,4,Luis,11767.510000000006,0,Defend
7601001399488,"Medbase Apotheke Zürich HB, Passage Löwenstrasse",8001,Zürich,2187,Luis,Defend,4,Luis,37459.63000000003,1,Defend
7601001378186,Medbase Apotheke Zürich Enge,8002,Zürich,2188,Luis,Defend,4,Luis,36458.76000000001,1,Defend
7601001399365,Medbase Apotheke Wittenbach,9300,Wittenbach,2229,Sarina,Gain,4,Sarina,9693.16,0,Gain
7601001405448,Medbase Apotheke St. Gallen Silberturm,9006,St. Gallen,2227,Sarina,Gain,4,Sarina,13381.809999999998,1,Gain
7601001326866,Drogerie Herrliberg AG,8704,Herrliberg,2216,Luis,Maintain,4,Luis,9543.619999999999,0,Maintain
7601001407862,DROPA Drogerie Roth - Herzogenbuchsee,3360,Herzogenbuchsee,2130,Michaela,Build,4,Michaela,16533.79999999999,1,Build
7601001407985,Apotheke Dr. Küpfer AG,3360,Herzogenbuchsee,2130,Michaela,Build,4,Michaela,9205.3,0,Build
7601001877054,Buchsi Apotheke AG,3360,Herzogenbuchsee ,2130,Michaela,Observe,0,Michaela,1061.8999999999999,0,Observe
7601001375581,Pharmacie de Montchoisy SA,1207,Genève,2004,Florence,Maintain,4,Florence,2312.3999999999996,0,Maintain
7601001324725,Pharmacie de Montfleury,1290,Versoix,2018,Florence,Build,4,Florence,232.05999999999997,0,Build
7601001405509,Medbase Apotheke Horn,9326,Horn,2228,Sarina,Gain,4,Sarina,15799.53999999999,1,Gain
7601001006089,Löwen-Apotheke,9000,St. Gallen,2227,Sarina,Maintain,4,Sarina,8114.140000000001,0,Maintain
7601001345447,Apotheke zum Gerichtshaus Dielsdorf,8157,Dielsdorf,2205,Luis,Defend,4,Luis,19066.899999999998,1,Defend
7601001022935,Löwen Drogerie,9050,Appenzell,2226,Sarina,Maintain,4,Sarina,4070.65,0,Maintain
7601001409576,Loë Apotheke AG,7000,Chur,2236,Sarina,Maintain,4,Sarina,6824.74,0,Maintain
7601001405592,Hitzkirch Apotheke & Drogerie AG,6285,Hitzkirch,2181,Michaela,Maintain,4,Michaela,4719.289999999999,0,Maintain
7601001014268,Drogerie Moll AG,6280,Hochdorf,2181,Michaela,Maintain,4,Michaela,8487.480000000001,0,Maintain
7601001406261,DROPA Drogerie Käch - Hochdorf,6280,Hochdorf,2181,Michaela,Observe,0,Michaela,3522.6600000000008,0,Observe
7601001400993,TopPharm Apotheke und Drogerie im Center,3270,Aarberg,2132,Florence,Defend,4,Florence,600.5200000000001,0,Defend
7601001401013,APODRO Drogerie Hombrechtikon,8634,Hombrechtikon,2218,Luis,Observe,0,Luis,2958.440000000001,0,Observe
7601001282988,Apotheke Center Dielsdorf,8157,Dielsdorf,2205,Luis,Defend,4,Luis,37566.36000000001,1,Defend
7601001378780,Welldro AG,8810,Horgen,2201,Luis,Observe,0,Luis,1561.4499999999998,0,Observe
7601001371811,Löwen-Apotheke Dietikon,8953,Dietikon,2204,Luis,Defend,4,Luis,25295.5,1,Defend
7601001337862,Pill Apotheke Waldegg,8810,Horgen,2201,Luis,Defend,4,Luis,10689.669999999996,0,Defend
7601001371804,City-Apotheke Dietikon,8953,Dietikon,2204,Luis,Defend,4,Luis,15806.740000000002,1,Defend
7601001404144,TopPharm Europaallee Apotheke,8004,Zürich,2192,Luis,Defend,4,Luis,15597.499999999996,1,Defend
7601001402201,Lavalera Natur Drogerie,7000,Chur,2236,Sarina,Observe,0,Sarina,0.0,0,Observe
7601001407695,Amavita Apotheke St. Moritz-Bad,7500,St. Moritz,2240,Sarina,Defend,2,Sarina,16147.960000000003,1,Defend
7601001380677,Wellness-Apotheke GmbH,6048,Horw,2179,Michaela,Build,4,Michaela,5981.259999999999,0,Build
7601001025950,Drogerie Schleiss AG,6331,Hünenberg,2184,Luis,Gain,4,Luis,5824.830000000001,0,Gain
7601001404106,Drogerie Chartreuse AG,3626,Hünibach,2124,Michaela,Observe,0,Michaela,3371.6899999999996,0,Observe
7601009067211,Drogerie Rusconi,8194,Hüntwangen,2206,Luis,Maintain,4,Luis,9100.210000000001,0,Maintain
7601001319882,TopPharm Apotheke Paradeplatz AG,8001,Zürich,2187,Luis,Defend,4,Luis,25460.329999999998,1,Defend
7601001411906,Coop Vitality Apotheke Huttwil,4950,Huttwil,2130,Michaela,Build,4,Michaela,10186.750000000002,0,Build
7601001008281,DROPA Drogerie Fries,4950,Huttwil,2130,Michaela,Maintain,4,Michaela,6814.259999999999,0,Maintain
7601001380134,BENU Huttwil,4950,Huttwil,2130,Michaela,Maintain,4,Michaela,4870.659999999999,0,Maintain
7601001408425,Lachen Drogerie GmbH,9000,St. Gallen,2227,Sarina,Gain,4,Sarina,5896.249999999999,0,Gain
7601001375628,Kulm Apotheke & Parfümerie AG,7500,St. Moritz,2240,Sarina,Observe,0,Sarina,6168.359999999999,0,Observe
7601001011687,Kressig Drogerie AG,7310,Bad Ragaz,2232,Sarina,Maintain,4,Sarina,7974.699999999998,0,Maintain
7601001865099,Klosterdrogerie AG,9000,St. Gallen,2227,Sarina,Observe,0,Sarina,2371.3399999999997,0,Observe
7601001367036,"Pharmacie de Perly, S. Gfeller SA",1258,Perly,2015,Florence,Gain,4,Florence,5070.93,0,Gain
7601001407206,Pharmacie de Prangins SA,1197,Prangins,2028,Florence,Maintain,4,Florence,4237.5599999999995,0,Maintain
7601001368439,Pharmacie de Puplinge SA,1241,Puplinge,2009,Florence,Observe,0,Florence,4171.839999999997,0,Observe
7601001347540,Pharmacie de Roches SA,1208,Genève,2008,Florence,Observe,0,Florence,3521.6600000000003,0,Observe
7601001394728,Pharmacie de Saint-Blaise,2072,St. Blaise,2077,Florence,Maintain,4,Florence,5293.69,0,Maintain
7601001395183,Pharmacie de Saint-Cergue,1264,St-Cergue,2026,Florence,Observe,0,Florence,3100.25,0,Observe
7601009330322,Pharmacie de Sécheron SA,1202,Genève,2003,Florence,Gain,4,Florence,1932.1000000000006,0,Gain
7601001014114,Pharmacie de St. Léger SA,1205,Genève,2006,Florence,Observe,0,Florence,4607.66,0,Observe
7601001021341,Innoval Apotheke Stans,6370,Stans,2182,Sarina,Observe,0,Sarina,4395.95,0,Observe
7601001400320,Amavita Apotheke Sirnach,8370,Sirnach,2225,Sarina,Defend,4,Sarina,17213.190000000024,1,Defend
7601001726123,Amavita Apotheke Rathaus St. Gallen,9000,St. Gallen,2227,Sarina,Defend,4,Sarina,33562.54000000001,1,Defend
7601001408319,Horizont Apotheke AG,8500,Frauenfeld,2221,Sarina,Maintain,4,Sarina,7091.2699999999995,0,Maintain
7601001378605,Wildbach Apotheke AG,8424,Embrach,2211,Luis,Defend,4,Luis,19777.960000000003,1,Defend
7601001393837,Sonnen Apotheke AG,6020,Emmenbrücke,2180,Michaela,Defend,4,Michaela,22272.58,1,Defend
7601001401440,Coop Vitality Apotheke Kaiseraugst,4303,Kaiseraugst,2176,Michaela,Build,4,Michaela,12717.749999999998,0,Build
7601001408609,Lindenapotheke Liebrüti Kaiseraugst,4303,Kaiseraugst,2176,Michaela,Build,4,Michaela,7752.0300000000025,0,Build
7601001405301,HOCH Health Ostschweiz - Campus-Apotheke KSSG,9007,St. Gallen,2227,Sarina,Observe,0,Sarina,0.0,0,Observe
7601001406872,Pharmacie de Thierrens SA,1410,Thierrens,2041,Florence,Build,4,Florence,7665.379999999998,0,Build
7601001393721,Helios Apotheke Klosters AG,7250,Klosters,2239,Sarina,Gain,2,Sarina,8372.33,0,Gain
7601001368088,Pharmacie de Vernier Sàrl,1214,Vernier,2016,Florence,Maintain,4,Florence,6491.17,0,Maintain
7601001324718,Pharmacie de Versoix,1290,Versoix,2018,Florence,Build,4,Florence,534.6500000000001,0,Build
7601001379589,Bahnhof Apotheke,8802,Kilchberg,2202,Luis,Maintain,4,Luis,9449.329999999998,0,Maintain
7601001026216,Drogerie-Naturheilmittel Käser & Vögeli AG,3422,Kirchberg,2130,Michaela,Observe,0,Michaela,3190.2700000000004,0,Observe
7601001393783,TopPharm Rhein Apotheke,7430,Thusis,2237,Sarina,Gain,4,Sarina,13245.920000000004,1,Gain
7601001392670,DROPA Drogerie Kirchberg,3422,Kirchberg BE,2130,Michaela,Observe,0,Michaela,8347.150000000003,0,Observe
7601001006867,Schneeberg-Drogerie,8451,Kleinandelfingen,2207,Luis,Maintain,4,Luis,7437.380000000005,0,Maintain
7601001367869,TopPharm Fortuna Apotheke AG,7000,Chur,2236,Sarina,Gain,4,Sarina,4557.570000000001,0,Gain
7601001016934,Gill-Apotheke,9642,Ebnat-Kappel,2230,Sarina,Maintain,4,Sarina,4328.96,0,Maintain
7601001007116,Oberland-Apotheke Wetzikon AG,8620,Wetzikon,2210,Sarina,Defend,4,Sarina,25612.229999999992,1,Defend
7601001380455,Mistel-Apotheke AG,8634,Hombrechtikon,2218,Luis,Defend,4,Luis,16833.72,1,Defend
7601001409798,Schinzenhof Apotheke Drogerie AG,8810,Horgen,2201,Luis,Defend,4,Luis,23459.10000000001,1,Defend
7601001401822,DROPA Apotheke Kölliken,5742,Kölliken,2161,Michaela,Build,5,Luis,10027.129999999994,0,Build
7601001412903,Apotheke & Drogerie im Stapfenmärit,3098,Köniz,2119,Michaela,Maintain,4,Michaela,8295.859999999999,0,Maintain
7601002991315,Amavita Adler Apotheke,8400,Winterthur,2209,Luis,Defend,4,Luis,25652.750000000044,1,Defend
7601001398283,Sonnen Apotheke AG Köniz,3098,Köniz,2119,Michaela,Maintain,4,Michaela,8654.48,0,Maintain
7601001379992,DROPA Apotheke Konolfingen,3510,Konolfingen,2125,Michaela,Maintain,4,Michaela,14875.279999999992,1,Maintain
7601009309533,Drogerie Egger,3425,Koppigen,2130,Michaela,Observe,0,Michaela,2197.71,0,Observe
7601001392243,Gesundes Wissen GmbH,9410,Heiden,2226,Sarina,Observe,0,Sarina,0.0,0,Observe
7601001017818,Gallus-Apotheke,9000,St. Gallen,2227,Sarina,Observe,0,Sarina,4208.27,0,Observe
7601001393806,Farmacia Bernina SA,7742,Poschiavo,2240,Sarina,Maintain,2,Sarina,14033.450000000008,1,Maintain
7601001015708,Drogerie Kilchenmann,4566,Kriegstetten,2139,Michaela,Maintain,4,Michaela,5829.59,0,Maintain
7601001402928,Coop Vitality Apotheke Pilatus,6010,Kriens,2179,Michaela,Defend,4,Michaela,20241.020000000037,1,Defend
7610840000042,Coop Vitality Apotheke Kriens,6010,Kriens,2179,Michaela,Build,4,Michaela,14654.190000000004,1,Build
7601001604940,Medbase Apotheke Herisau,9100,Herisau,2226,Sarina,Gain,4,Sarina,13990.159999999994,1,Gain
7609999073908,Medicus Apotheke AG,6010,Kriens,2179,Michaela,Maintain,4,Michaela,13615.099999999999,1,Maintain
7601001407268,Naturdrogerie Frey AG,6010,Kriens,2179,Michaela,Maintain,4,Michaela,3705.34,0,Maintain
7601001016064,Apotheke Späni AG,6010,Kriens,2179,Michaela,Maintain,4,Michaela,4829.93,0,Maintain
7601001020252,Falknis Apotheke GmbH,7302,Landquart,2238,Sarina,Build,4,Sarina,23386.3,1,Build
7601001367135,Rex Rotpunkt Apotheke Kloten,8302,Kloten,2212,Luis,Defend,4,Luis,12591.220000000001,0,Defend
7601001409286,Falken Drogerie AG,9000,St. Gallen,2227,Sarina,Gain,4,Sarina,8882.48,0,Gain
7601001015715,Einsiedler Apotheke Drogerie,8840,Einsiedeln,2185,Sarina,Build,4,Sarina,22196.319999999992,1,Build
7601001358454,Eberle Drogerie Naturheilmittel GmbH,9473,Gams,2233,Sarina,Observe,0,Sarina,1761.71,0,Observe
7601001374430,Naturadrogerie Küttigen,5024,Küttigen,2173,Luis,Observe,0,Luis,1054.1899999999998,0,Observe
7601001403956,TopPharm Engel Apotheke und Drogerie,9496,Balzers,2232,Sarina,Gain,4,Sarina,14122.55,1,Gain
7601001364424,Pharmacie de Veyrier SA,1255,Veyrier,2011,Florence,Build,4,Florence,9115.01,0,Build
7601001015029,Pharmacie de Vieusseux SA,1203,Genève,2002,Florence,Build,4,Florence,7284.940000000004,0,Build
7601001404380,Pharmacie de Villereuse,1207,Genève,2004,Florence,Maintain,4,Florence,3710.8999999999983,0,Maintain
7601001396258,Pharmacie Deltapharm Onex,1213,Onex,2013,Florence,Build,4,Florence,5338.169999999998,0,Build
7601001375604,Pharmacie des Alpes,1201,Genève,2001,Florence,Maintain,4,Florence,4948.389999999999,0,Maintain
7601001005525,Pharmacie des Banques SA,1204,Genève,2005,Florence,Observe,0,Florence,1125.8300000000002,0,Observe
7601001008670,Pharmacie des Bergues,1201,Genève,2001,Florence,Build,4,Florence,2602.5099999999998,0,Build
7601001321984,Pharmacie des Caroubiers,1227,Carouge,2012,Florence,Observe,0,Florence,413.00000000000006,0,Observe
7601001324701,Pharmacie des Colombières,1290,Versoix,2018,Florence,Build,4,Florence,22201.169999999995,1,Build
7601001411173,Pharmacie des Crêts-de-Champel SNC,1206,Genève,2007,Florence,Observe,0,Florence,2564.0199999999995,0,Observe
7601001400269,Pharmacie des Hauts de Malagnou SA,1224,Chêne-Bougeries,2010,Florence,Maintain,4,Florence,3279.8399999999997,0,Maintain
7601001410367,Pharmacie des Pervenches Sàrl,1227,Carouge,2012,Florence,Observe,0,Florence,1633.2199999999998,0,Observe
7601001027404,Pharmacie des Philosophes SA,1205,Genève,2006,Florence,Observe,0,Florence,1396.2999999999997,0,Observe
7601001409033,Pharmacie de la Tour,1814,La Tour-de-Peilz,2047,Eléonore,Maintain,4,Eléonore,11874.640000000001,0,Maintain
7601001372498,BENU La Tour-de-Peilz,1814,La Tour-de-Peilz,2047,Eléonore,Maintain,4,Eléonore,10094.330000000007,0,Maintain
7601001407077,Pharmacie du Centre,1814,La Tour-de-Peilz,2047,Eléonore,Build,4,Eléonore,14440.990000000005,1,Build
7601001410084,Pharmacie St-Roch SA,1635,La Tour-de-Trême,2082,Eléonore,Maintain,4,Eléonore,7184.07,0,Maintain
7601001377011,BENU La Tour-de-Trême,1635,La Tour-de-Trême,2082,Eléonore,Gain,4,Eléonore,16572.449999999993,1,Gain
7601002995863,DROPA See Apotheke,9320,Arbon,2224,Sarina,Gain,4,Sarina,7631.290000000001,0,Gain
7601001372306,DROPA Drogerie Wil GmbH,9500,Wil,2230,Sarina,Maintain,4,Sarina,9473.269999999993,0,Maintain
7601001335110,DROPA Drogerie Widnau AG,9443,Widnau,2233,Sarina,Gain,4,Sarina,11730.749999999993,0,Gain
7601001029569,Farmacia Stadio Lugano SA,6900,Lugano,2097,Alessia,Maintain,4,Alessia,5354.660000000004,0,Maintain
7601001560390,Farmacia Internazionale,6815,Melide,2095,Alessia,Maintain,4,Alessia,7603.359999999999,0,Maintain
7601001007536,DROPA Drogerie Wattwil AG,9630,Wattwil,2230,Sarina,Maintain,4,Sarina,7406.7300000000005,0,Maintain
7601001016743,DROPA Drogerie Urnertor,6460,Altdorf,2182,Sarina,Gain,4,Sarina,17825.88,1,Gain
7601001329225,DROPA Drogerie Romanshorn,8590,Romanshorn,2224,Sarina,Gain,4,Sarina,11193.780000000002,0,Gain
7601001235939,DROPA Drogerie Langendorf,4513,Langendorf,2139,Michaela,Defend,4,Michaela,19623.739999999983,1,Defend
7601001365568,Weissenstein-Apotheke AG,4513,Langendorf,2139,Michaela,Build,4,Michaela,18636.859999999993,1,Build
7601001375321,Coop Vitality Apotheke Langenthal,4900,Langenthal,2131,Michaela,Defend,4,Michaela,10921.240000000007,0,Defend
7601001366428,Turm Apotheke,4900,Langenthal,2131,Michaela,Maintain,4,Michaela,7864.500000000008,0,Maintain
7601001392588,DROPA Drogerie Meyer,4900,Langenthal,2131,Michaela,Build,4,Michaela,3480.3899999999994,0,Build
7601001370371,Amavita Apotheke Flüela,7260,Davos Dorf,2239,Sarina,Defend,2,Sarina,12786.010000000006,0,Defend
7601001404601,Bahnhofapotheke Langenthal,4900,Langenthal,2131,Michaela,Build,4,Michaela,7080.83,0,Build
7601001373273,Apotheke Dr. Lanz AG,4900,Langenthal,2131,Michaela,Build,4,Michaela,6437.879999999998,0,Build
7601001395312,Drogerie Salute AG,4900,Langenthal,2131,Michaela,Observe,0,Michaela,0.0,0,Observe
7601001410985,Naturdrogerie Langnau GmbH,3550,Langnau,2126,Michaela,Observe,0,Michaela,3017.7200000000003,0,Observe
7601001401792,Albis Drogerie Langnau AG,8135,Langnau am Albis,2203,Luis,Maintain,4,Luis,1001.6199999999999,0,Maintain
7601001372252,BENU Langnau am Albis,8135,Langnau am Albis,2203,Luis,Gain,4,Luis,7084.250000000008,0,Gain
7601001365469,DROPA Drogerie Apotheke,3550,Langnau i.E.,2126,Michaela,Maintain,4,Michaela,14785.48,1,Maintain
7601001021075,Bahnhof Apotheke Langnau AG,3550,Langnau im Emmental,2126,Michaela,Maintain,4,Michaela,11369.250000000005,0,Maintain
7601001915862,Ilfisapotheke Langnau,3550,Langnau im Emmental,2126,Michaela,Build,4,Michaela,3272.4299999999994,0,Build
7601001397910,Coop Vitality Apotheke Laufen,4242,Laufen,2153,Michaela,Maintain,4,Michaela,8263.09000000001,0,Maintain
7601001391611,DROPA Apotheke Laufen,4242,Laufen,2153,Michaela,Defend,4,Michaela,9240.409999999998,0,Defend
7601009265167,Medbase Apotheke Abtwil Säntispark,9030,Abtwil,2229,Sarina,Gain,4,Sarina,8167.7400000000025,0,Gain
7601001395893,Pelikan Apotheke AG,5080,Laufenburg,2174,Luis,Build,4,Michaela,12519.75,0,Build
7601001595415,Pharmacie des Pontets,1212,Grand-Lancy,2014,Florence,Observe,0,Florence,2060.9800000000005,0,Observe
7601001014879,Pharmacie des Ponts-de-Martel,2316,Les Ponts-de-Martel,2074,Florence,Observe,0,Florence,2438.8000000000006,0,Observe
7601001395480,Unisanté - PMU,1011,Lausanne,2023,Eléonore,Observe,0,Eléonore,0.0,0,Observe
7601001378940,Sun Store St-François,1003,Lausanne,2021,Eléonore,Build,4,Eléonore,8671.690000000006,0,Build
7601001371194,Sun Store Lausanne Riponne,1003,Lausanne,2021,Eléonore,Gain,4,Eléonore,11710.280000000004,0,Gain
7601001012820,Sun Store Lausanne Métropole,1003,Lausanne,2021,Eléonore,Maintain,4,Eléonore,13823.790000000012,1,Maintain
7601001379237,Sun Store Lausanne Grand-Pont,1003,Lausanne,2021,Eléonore,Build,4,Eléonore,9265.14,0,Build
7601001370746,Sun Store Lausanne Gare CFF,1003,Lausanne,2021,Eléonore,Build,4,Eléonore,28847.16000000003,1,Build
7601001367005,Sun Store Lausanne Chailly,1012,Lausanne,2025,Eléonore,Gain,4,Eléonore,16323.650000000018,1,Gain
7601001029682,Sun Store Lausanne Bergières,1004,Lausanne,2022,Eléonore,Maintain,4,Eléonore,13233.360000000006,1,Maintain
7601001744479,Sun Store Lausanne Petit-Chêne,1003,Lausanne,2021,Eléonore,Gain,4,Eléonore,4536.179999999997,0,Gain
7601001377349,Pharmacie Populaire de l'Avenue d'Echallens,1004,Lausanne,2022,Eléonore,Observe,0,Eléonore,3428.8899999999994,0,Observe
7601001377332,Pharmacie Populaire de Grancy,1006,Lausanne,2019,Eléonore,Observe,0,Eléonore,2272.059999999999,0,Observe
7601001378629,Pharmacie Luc Geny,1003,Lausanne,2021,Eléonore,Observe,0,Eléonore,2599.86,0,Observe
7601001374546,Pharmacie Hadid Sàrl,1012,Lausanne,2025,Eléonore,Observe,0,Eléonore,1597.5699999999995,0,Observe
7601001377769,Pharmacie du Pont-des-Sauges Sàrl,1018,Lausanne,2024,Eléonore,Maintain,4,Eléonore,4561.59,0,Maintain
7601009128356,Pharmacie Medbase Lausanne Blécherette,1018,Lausanne,2024,Eléonore,Gain,4,Eléonore,6417.820000000001,0,Gain
7601001379435,pharmacieplus du flon SA,1003,Lausanne,2021,Eléonore,Maintain,4,Eléonore,10522.360000000002,0,Maintain
7601001405011,pharmacieplus du bois,1018,Lausanne,2024,Eléonore,Maintain,4,Eléonore,7995.419999999999,0,Maintain
7601001366565,pharmacieplus de prélaz,1004,Lausanne,2022,Eléonore,Gain,4,Eléonore,8304.91,0,Gain
7601001364967,pharmacieplus de marterey,1003,Lausanne,2021,Eléonore,Build,4,Eléonore,14508.769999999999,1,Build
7601001398832,pharmacieplus de la fauvette,1012,Lausanne,2025,Eléonore,Build,4,Eléonore,6475.250000000002,0,Build
7601001366145,Amavita Apotheke Derby,9500,Wil,2230,Sarina,Defend,4,Sarina,18531.720000000034,1,Defend
7601001407848,Amavita Apotheke Zermatt,3920,Zermatt,2067,Eléonore,Defend,4,Eléonore,23969.990000000016,1,Defend
7601001370111,Amavita Apotheke Zumikon,8126,Zumikon,2218,Luis,Defend,4,Luis,11185.780000000006,0,Defend
7601001410824,Amavita Bahnhof Apotheke,8001,Zürich,2187,Luis,Defend,4,Luis,61887.50000000002,1,Defend
7601001370913,Amavita Apotheke Bahnhof Stadelhofen,8001,Zürich,2187,Luis,Defend,4,Luis,18889.97,1,Defend
7601001370821,Amavita Apotheke Shopville,8001,Zürich,2187,Luis,Defend,4,Luis,37111.420000000166,1,Defend
7601001376472,"Amavita Apotheke Flughafen, Airside Center",8060,Zürich,2212,Luis,Defend,4,Luis,31950.919999999984,1,Defend
7601001391673,Amavita Apotheke Bahnhofstrasse Zürich,8001,Zürich,2187,Luis,Defend,4,Luis,27179.690000000042,1,Defend
7601001376465,"Amavita Apotheke Flughafen, Airport Shopping",8060,Zürich Flughafen,2212,Luis,Defend,4,Luis,67692.07999999975,1,Defend
7601001364110,BENU Lausanne St-Paul,1004,Lausanne,2022,Eléonore,Maintain,4,Eléonore,8065.960000000003,0,Maintain
7601001368521,BENU Lausanne Pontaise,1018,Lausanne,2024,Eléonore,Maintain,4,Eléonore,6581.519999999999,0,Maintain
7601001852914,BENU Lausanne-Vidy,1007,Lausanne,2020,Eléonore,Build,4,Eléonore,7085.279999999996,0,Build
7601009066665,BENU Lausanne Riponne,1005,Lausanne,2023,Eléonore,Build,4,Eléonore,6758.3700000000035,0,Build
7601001368965,BENU Lausanne Etraz,1003,Lausanne,2021,Eléonore,Maintain,4,Eléonore,6653.810000000001,0,Maintain
7601001254213,BENU Lausanne Etoile,1010,Lausanne,2025,Eléonore,Build,4,Eléonore,22601.96000000003,1,Build
7601001373709,BENU Lausanne Closelet,1006,Lausanne,2019,Eléonore,Build,4,Eléonore,12900.590000000011,0,Build
7601001362802,BENU Lausanne Bellevaux,1018,Lausanne,2024,Eléonore,Maintain,4,Eléonore,4534.240000000001,0,Maintain
7601001024083,Pharmacie de Montelly,1007,Lausanne,2020,Eléonore,Observe,0,Eléonore,2335.4499999999994,0,Observe
7601001377318,Pharmacie Populaire de La Tour Sàrl,1003,Lausanne,2021,Eléonore,Build,4,Eléonore,4924.01,0,Build
7601001395558,Pharmacie Metro Ouchy,1006,Lausanne,2019,Eléonore,Maintain,4,Eléonore,8159.469999999998,0,Maintain
7601001378698,Pharmacie Metro Flon,1003,Lausanne,2021,Eléonore,Defend,4,Eléonore,8254.029999999999,0,Defend
7601001405936,Pharmacie Kupper Sàrl,1004,Lausanne,2022,Eléonore,Observe,0,Eléonore,1962.1999999999996,0,Observe
7601001395589,Pharmacie de Sauvabelin Sàrl,1018,Lausanne,2024,Eléonore,Observe,0,Eléonore,1563.3199999999995,0,Observe
7601001399143,Pharmacie de Montolivet,1006,Lausanne,2019,Eléonore,Observe,0,Eléonore,889.8400000000001,0,Observe
7601001406537,Droguerie Sylvie Pollien Sàrl,1018,Lausanne,2024,Eléonore,Observe,0,Eléonore,0.0,0,Observe
7601001362093,CR l'Herboriste Sàrl,1005,Lausanne,2023,Eléonore,Observe,0,Eléonore,0.0,0,Observe
7601007996247,Droguerie du Boulevard,1006,Lausanne,2019,Eléonore,Observe,0,Eléonore,3369.6000000000004,0,Observe
7601001394582,Pharmacie du Rocher SA,1005,Lausanne,2023,Eléonore,Observe,0,Eléonore,1319.58,0,Observe
7601001400771,Pharmacie des Mousquines,1005,Lausanne,2023,Eléonore,Observe,0,Eléonore,2393.2399999999993,0,Observe
7601001364417,Pharmacie des Grangettes S.à r.l.,1010,Lausanne,2025,Eléonore,Observe,0,Eléonore,3062.959999999999,0,Observe
7601001408685,Pharmacie de Provence SA,1007,Lausanne,2020,Eléonore,Maintain,4,Eléonore,9732.82,0,Maintain
7601001257412,Pharmacie 24 S.A.,1006,Lausanne,2019,Eléonore,Defend,4,Eléonore,25952.37,1,Defend
7601001393752,Sen'Su Pharmacie,1003,Lausanne,2021,Eléonore,Observe,0,Eléonore,0.0,0,Observe
7601001404939,Pharmacie des Bergières SA,1004,Lausanne,2022,Eléonore,Maintain,4,Eléonore,8111.790000000001,0,Maintain
7601001364332,Pharmacie de Ruchonnet,1003,Lausanne,2021,Eléonore,Observe,0,Eléonore,253.95,0,Observe
7601001411494,Pharmacie Medbase Lancy Pont-Rouge,1212,Grand-Lancy,2014,Florence,Gain,4,Florence,3737.3099999999995,0,Gain
7601001363502,Pharmacie de Chailly SA,1000,Lausanne 12,2021,Eléonore,Maintain,4,Eléonore,6313.619999999999,0,Maintain
7601001026674,Ergolz-Drogerie AG,4415,Lausen,2156,Michaela,Observe,0,Michaela,6475.680000000001,0,Observe
7601001346185,Pharmacie de Port-Valais SA,1897,Le Bouveret,2054,Eléonore,Maintain,4,Eléonore,6527.049999999999,0,Maintain
7601001396753,Pharmacie de Bagnes,1934,Le Châble,2057,Eléonore,Maintain,4,Eléonore,5379.640000000001,0,Maintain
7601001026445,Pharmacie de l'Abbaye SA,1934,Le Châble Bagnes,2057,Eléonore,Maintain,4,Eléonore,4910.57,0,Maintain
7601001898660,Pharmacie des Saules Sàrl,1260,Nyon,2027,Florence,Build,4,Florence,8217.279999999999,0,Build
7601001396111,Pharmacie des Sens Sàrl,1219,Le Lignon,2015,Florence,Build,4,Florence,3274.35,0,Build
7601001018761,Pharmacie des Tulipiers SA,1208,Genève,2008,Florence,Observe,0,Florence,550.85,0,Observe
7601001399341,Pharmacie des Vergers SA,1462,Yvonand,2041,Florence,Maintain,4,Florence,13219.929999999998,1,Maintain
7601009342363,Pharmacie Dolea,1203,Genève,2002,Florence,Maintain,4,Florence,2174.4700000000003,0,Maintain
7601001398726,Pharmacie du 31 Décembre SA,1207,Genève,2004,Florence,Build,4,Florence,9976.140000000001,0,Build
7601001373884,Pharmacie du Banneret SA,1530,Payerne,2042,Florence,Maintain,4,Florence,149.41,0,Maintain
7601001392083,Pharmacie du Bouchet Sàrl,1209,Genève,2003,Florence,Maintain,4,Florence,3724.45,0,Maintain
7601001008564,Pharmacie du Casino Le Locle SA,2400,Le Locle,2074,Florence,Maintain,4,Florence,8925.29,0,Maintain
7601001407053,Pharmacie de Maillefer Shimia,1052,Le Mont-sur-Lausanne,2043,Eléonore,Maintain,4,Eléonore,4634.9400000000005,0,Maintain
7601009082207,Pharmacie du Mont SA,1052,Le Mont-sur-Lausanne,2043,Eléonore,Maintain,4,Eléonore,5176.839999999999,0,Maintain
7601001022669,Pharmacie du Château SA,2022,Bevaix,2072,Florence,Maintain,4,Florence,5966.550000000001,0,Maintain
7601001021709,Pharmacie du Chêne Vert,1226,Thônex,2011,Florence,Gain,4,Florence,6982.770000000006,0,Gain
7601001996946,Pharmacie du Grand-Lancy Sàrl,1212,Grand-Lancy,2014,Florence,Build,4,Florence,7010.279999999998,0,Build
7601001029804,Pharmacie du Grand-Saconnex SA,1218,Le Grand-Saconnex,2018,Florence,Maintain,4,Florence,2981.46,0,Maintain
7601001406865,Pharmacie du Gros-de-Vaud SA,1038,Bercher,2040,Florence,Observe,0,Florence,3480.21,0,Observe
7601001409682,Pharmacie du Jura SA,2800,Delémont,2080,Florence,Observe,0,Florence,2517.9,0,Observe
7601001371392,BENU Lens,1978,Lens,2063,Eléonore,Maintain,4,Eléonore,5722.280000000001,0,Maintain
7601001405455,Coop Vitality Apotheke Lenzburg,5600,Lenzburg,2162,Luis,Build,5,Luis,15297.359999999995,1,Build
7601001376601,DROPA Drogerie Müli-Märt,5600,Lenzburg,2162,Luis,Maintain,4,Luis,6451.109999999997,0,Maintain
7601001376731,Stern Apotheke Lenzburg AG,5600,Lenzburg,2162,Luis,Maintain,4,Luis,14285.34,1,Maintain
7601001397712,Stadtplatz Rotpunkt Apotheke & Drogerie,8302,Kloten,2212,Luis,Defend,4,Luis,22820.930000000008,1,Defend
7601001399952,TopPharm Bahnhof-Apotheke - Romanshorn,8590,Romanshorn,2224,Sarina,Gain,4,Sarina,14462.529999999999,1,Gain
7601009147562,DROPA Drogerie Rogger Küssnacht GmbH,6403,Küssnacht am Rigi,2185,Sarina,Maintain,4,Sarina,4449.849999999998,0,Maintain
7601001235953,DROPA Drogerie Pfäffikon,8808,Pfäffikon,2186,Sarina,Defend,5,Sarina,19593.669999999973,1,Defend
7601001398177,Pharmacie du Lac,1400,Yverdon-les-Bains,2039,Florence,Observe,0,Florence,2230.6499999999996,0,Observe
7601009078507,Pharmacie du Marché SA,1227,Carouge,2012,Florence,Build,4,Florence,9802.450000000004,0,Build
7601001029521,Pharmacie des Diablerets,1865,Les Diablerets,2051,Eléonore,Maintain,4,Eléonore,7376.97,0,Maintain
7601001392496,Pharmacie du Museum SA,1208,Genève,2008,Florence,Maintain,4,Florence,1567.0199999999998,0,Maintain
7601001012349,Pharmacie du Parc de Budé SA,1202,Genève,2003,Florence,Build,4,Florence,16845.61,1,Build
7601009117763,Leukerbad Apotheke GmbH,3954,Leukerbad,2066,Eléonore,Maintain,4,Eléonore,6963.65,0,Maintain
7601001885486,Schlosspark Apotheke AG,3953,Leuk-Stadt,2066,Eléonore,Observe,0,Eléonore,2627.7500000000005,0,Observe
7601001396050,BENU Leysin,1854,Leysin,2052,Eléonore,Maintain,4,Eléonore,9684.600000000002,0,Maintain
7601001410695,Pharmacie de Leytron,1912,Leytron,2059,Eléonore,Observe,0,Eléonore,2635.85,0,Observe
7601001681088,Naturdrogerie Bern AG,3097,Liebefeld,2119,Michaela,Gain,4,Michaela,6276.66,0,Gain
7601001408326,Steinhölzli Apotheke AG,3097,Liebefeld,2119,Michaela,Build,4,Michaela,9392.739999999998,0,Build
7601001380172,Pharmacie Amavita Cardinaux,1207,Genève,2004,Florence,Gain,4,Florence,6504.150000000009,0,Gain
7601001997042,Pharmacie Amavita de Coppet,1296,Coppet,2026,Florence,Gain,4,Florence,5312.710000000003,0,Gain
7601001406216,Saner Apotheke AG,4410,Liestal,2156,Michaela,Observe,0,Michaela,6912.360000000001,0,Observe
7601001341319,Apotheke Hotz Küsnacht AG,8700,Küsnacht,2216,Luis,Defend,4,Luis,35530.89999999999,1,Defend
7601001351615,Farmacia Solduno SA,6604,Locarno,2106,Alessia,Maintain,4,Alessia,7358.889999999999,0,Maintain
7601001304116,Farmacia Muraccio SA,6612,Ascona,2105,Alessia,Maintain,4,Alessia,8488.079999999996,0,Maintain
7601001998278,Farmacia Amavita dell'Aeroporto,6982,Agno,2099,Alessia,Maintain,4,Alessia,13128.37,1,Maintain
7601001403727,Farmacia Amavita Gianella,6900,Lugano,2097,Alessia,Maintain,4,Alessia,13303.650000000005,1,Maintain
7601001378247,Coop Vitality Farmacia San Antonino Centro Manor,6592,S. Antonino,2103,Alessia,Maintain,4,Alessia,7087.310000000005,0,Maintain
7601009360176,Farmacia Stazione Biasca SA,6710,Biasca,2111,Alessia,Maintain,4,Alessia,7586.699999999999,0,Maintain
7601001409088,Farmacia Amica SA,6986,Curio,2099,Alessia,Maintain,4,Alessia,5524.679999999999,0,Maintain
7601001021266,Farmacia Pedrazzetti,6512,Giubiasco,2108,Alessia,Maintain,4,Alessia,2647.7699999999995,0,Maintain
7601001407138,Farmacia Maghetti,6900,Lugano,2097,Alessia,Observe,0,Alessia,0.0,0,Observe
7601001398702,BENU Canobbio,6952,Canobbio,2101,Alessia,Observe,0,Alessia,6380.739999999998,0,Observe
7601001398771,BENU Minusio,6648,Minusio,2107,Alessia,Observe,0,Alessia,7135.410000000003,0,Observe
7601001402126,BENU Viganello,6962,Viganello,2096,Alessia,Observe,0,Alessia,5456.589999999997,0,Observe
7601001320680,Bio Casa 5 Stelle SA,6500,Bellinzona,2109,Alessia,Observe,0,Alessia,0.0,0,Observe
7601001399549,Farmacia San Giovanni,6500,Bellinzona,2109,Alessia,Observe,0,Alessia,0.0,0,Observe
7601009117329,Farmacia Moesa Sagl,6532,Castione,2110,Alessia,Observe,0,Alessia,879.08,0,Observe
7601001302730,Farmacia 5 Vie,6932,Breganzona,2098,Alessia,Observe,0,Alessia,1661.2800000000002,0,Observe
7601001391932,Farmacia Accademia SA,6850,Mendrisio,2093,Alessia,Observe,0,Alessia,3675.59,0,Observe
7601001409972,Pharmacie Amavita Place Claparède,1206,Genève,2007,Florence,Gain,4,Florence,6366.390000000007,0,Gain
7601002992169,Farmacia Airone,6900,Lugano,2097,Alessia,Observe,0,Alessia,4241.040000000002,0,Observe
7601001411753,Farmacia Alchemilla SAGL,6850,Mendrisio,2093,Alessia,Observe,0,Alessia,2203.269999999999,0,Observe
7601001057036,Apotheke + Drogerie Santé Sälipark,4600,Olten,2141,Michaela,Defend,4,Michaela,31093.239999999987,1,Defend
7601009082672,Pharmacie du Petit-Saconnex SA,1209,Genève,2003,Florence,Maintain,4,Florence,8104.260000000001,0,Maintain
7601001396272,Farmacia Ascona SA,6612,Ascona,2105,Alessia,Observe,0,Alessia,6323.6100000000015,0,Observe
7601001366022,Farmacia Bernasconi,6877,Coldrerio,2092,Alessia,Observe,0,Alessia,3807.3999999999983,0,Observe
7601001402522,Farmacia Biomedica,6915,Pambio-Noranco,2098,Alessia,Observe,0,Alessia,4623.5300000000025,0,Observe
7601001024052,Farmacia Cassarate,6900,Lugano,2097,Alessia,Observe,0,Alessia,4941.27,0,Observe
7601001338289,Farmacia Castagnola Sagl,6976,Castagnola,2096,Alessia,Observe,0,Alessia,1278.7200000000003,0,Observe
7601001297500,Farmacia Centrale,6830,Chiasso,2090,Alessia,Observe,0,Alessia,1628.4600000000003,0,Observe
7601001366312,Farmacia Centrale,6654,Cavigliano,2107,Alessia,Observe,0,Alessia,4976.879999999997,0,Observe
7601001315747,Farmacia Centrale,6593,Cadenazzo,2103,Alessia,Observe,0,Alessia,6358.31,0,Observe
7601001023512,Farmacia Centrale Küng SA,6900,Lugano,2097,Alessia,Observe,0,Alessia,3500.77,0,Observe
7601001016514,Farmacia Internazionale Bordoni SA,6900,Lugano,2097,Alessia,Observe,0,Alessia,3196.5400000000013,0,Observe
7601001303430,Farmacia Chiassese Farmadomo SA,6830,Chiasso,2090,Alessia,Observe,0,Alessia,2267.75,0,Observe
7601001018457,Farmacia Chiesa SA,6830,Chiasso,2090,Alessia,Observe,0,Alessia,1809.8599999999979,0,Observe
7601001400399,Farmacia Chimica Internazionale,6900,Lugano,2097,Alessia,Observe,0,Alessia,757.7599999999999,0,Observe
7601001407893,Farmacia cinque vie Farmadomo SA,6600,Locarno,2106,Alessia,Observe,0,Alessia,2872.4999999999995,0,Observe
7601001410053,Farmacia Città Vecchia Sagl,6600,Locarno,2106,Alessia,Observe,0,Alessia,1971.1099999999985,0,Observe
7601001020320,Farmacia Collina d'Oro SA,6926,Montagnola,2098,Alessia,Observe,0,Alessia,6551.540000000002,0,Observe
7601001027039,Farmacia Del Corso SA,6830,Chiasso,2090,Alessia,Observe,0,Alessia,3979.310000000001,0,Observe
7601001026896,Farmacia Del Gambarogno SA,6573,Magadino,2103,Alessia,Observe,0,Alessia,665.8499999999999,0,Observe
7601001391499,Farmacia del Lago,6600,Muralto,2106,Alessia,Observe,0,Alessia,2825.1,0,Observe
7601001007772,Farmacia della Montagna SA,6864,Arzo,2093,Alessia,Observe,0,Alessia,4297.4400000000005,0,Observe
7601001027541,Farmacia della Piazzetta,6900,Lugano,2097,Alessia,Observe,0,Alessia,2809.3399999999992,0,Observe
7601001331198,Farmacia della Posta,6932,Breganzona,2098,Alessia,Observe,0,Alessia,3223.29,0,Observe
7601001399013,Farmacia della Stazione,6900,Lugano,2097,Alessia,Observe,0,Alessia,1991.6599999999994,0,Observe
7601001412767,Farmacia della Valle Sagl,6675,Cevio,2107,Alessia,Observe,0,Alessia,3852.0399999999995,0,Observe
7601001377721,Farmacia delle Alpi,6760,Faido,2112,Alessia,Observe,0,Alessia,2420.5599999999995,0,Observe
7601001998308,Farmacia Stella d'Oro SA,6598,Tenero,2108,Alessia,Observe,0,Alessia,2227.88,0,Observe
7601001576384,Farmacia di Besso,6900,Lugano,2097,Alessia,Observe,0,Alessia,3603.5400000000004,0,Observe
7601001019805,Farmacia Di Bioggio,6934,Bioggio,2100,Alessia,Observe,0,Alessia,4098.99,0,Observe
7601001026230,Farmacia di Cadro,6965,Cadro,2101,Alessia,Observe,0,Alessia,6310.900000000001,0,Observe
7601001358010,Farmacia di Caslano,6987,Caslano,2099,Alessia,Observe,0,Alessia,7870.730000000004,0,Observe
7601001251496,Farmacia di Comano,6949,Comano,2101,Alessia,Observe,0,Alessia,4043.3600000000006,0,Observe
7601001731769,Farmacia di Pregassona,6963,Pregassona,2096,Alessia,Observe,0,Alessia,1530.6300000000003,0,Observe
7601001373761,Farmacia Dr. Camponovo S.A.,6828,Balerna,2091,Alessia,Observe,0,Alessia,6445.750000000001,0,Observe
7601001025561,Farmacia Elvetica,6600,Muralto,2106,Alessia,Observe,0,Alessia,6933.84,0,Observe
7601001397828,Farmacia Fenice,6512,Giubiasco,2108,Alessia,Observe,0,Alessia,32108.660000000007,1,Observe
7601001023758,Farmacia Ferrari,6850,Mendrisio,2093,Alessia,Observe,0,Alessia,2354.46,0,Observe
7601001375352,Müller Handels AG Schweiz,5242,Lupfig,2172,Luis,Observe,0,Luis,0.0,0,Observe
7601001346406,DROPA Drogerie Peterer - Uzwil,9240,Uzwil,2229,Sarina,Maintain,4,Sarina,8655.05,0,Maintain
7601001021716,DROPA Drogerie Peterer - Flawil,9230,Flawil,2229,Sarina,Maintain,4,Sarina,3685.149999999998,0,Maintain
7601001375727,Sun Store Lutry,1095,Lutry,2045,Eléonore,Build,4,Eléonore,13701.070000000009,1,Build
7601001405769,BENU Lutry La Petite Corniche,1095,Lutry,2045,Eléonore,Maintain,4,Eléonore,9295.720000000005,0,Maintain
7601001367418,BENU Lutry Bourg,1095,Lutry,2045,Eléonore,Maintain,4,Eléonore,9198.770000000006,0,Maintain
7601001026278,Hertenstein-Drogerie AG,6004,Luzern,2177,Michaela,Build,4,Michaela,15217.849999999999,1,Build
7601001007222,Gehrig Drogerie + Farben AG,6003,Luzern,2178,Michaela,Observe,0,Michaela,3087.2400000000002,0,Observe
7601007917457,Müller Handels AG Schweiz,6004,Luzern,2177,Michaela,Observe,0,Michaela,0.0,0,Observe
7601001366701,Pharmacie Amavita Seyon,2000,Neuchâtel,2071,Florence,Gain,4,Florence,6881.26,0,Gain
7601001024755,Pharmacie Amavita Conod,1003,Lausanne,2021,Eléonore,Gain,4,Eléonore,7516.980000000004,0,Gain
7601001402423,Amavita Apotheke St. Jakob,9000,St. Gallen,2227,Sarina,Gain,4,Sarina,7852.339999999999,0,Gain
7601001372245,BENU Luzern Bahnhof,6003,Luzern,2178,Michaela,Defend,4,Michaela,76602.30999999997,1,Defend
7601001233966,Luna die Luzerner Natur-Drogerie GmbH,6003,Luzern,2178,Michaela,Observe,0,Michaela,1131.02,0,Observe
7601001394537,Safran Drogerie AG,6003,Luzern,2178,Michaela,Observe,0,Michaela,1147.02,0,Observe
7601001872899,Apotheke Neustadt Luzern AG,6003,Luzern,2178,Michaela,Maintain,4,Michaela,11519.009999999997,0,Maintain
7601001322264,Cysat Apotheke,6003,Luzern,2178,Michaela,Maintain,4,Michaela,18275.699999999997,1,Maintain
7601001402898,Alte Suidtersche Apotheke,6003,Luzern,2178,Michaela,Observe,0,Michaela,11533.880000000001,0,Observe
7601001393530,Apotheke Lilie Zentrum,8952,Schlieren,2204,Luis,Defend,4,Luis,26915.660000000003,1,Defend
7601001375574,Würzenbach Drogerie nurnatur GmbH,6003,Luzern,2178,Michaela,Observe,0,Michaela,4136.4400000000005,0,Observe
7601001403802,swidro drogerie wäsmeli gmbh,6006,Luzern,2181,Michaela,Maintain,4,Michaela,7529.59,0,Maintain
7601001325333,Drogerie Vivian AG,6003,Luzern,2178,Michaela,Observe,0,Michaela,5785.119999999998,0,Observe
7601001404069,Apotheke Fanghöfli Luzern AG,6014,Luzern,2179,Michaela,Defend,4,Michaela,13659.97,1,Defend
7601001372696,TopPharm Batterie-Apotheke,4059,Basel,2146,Michaela,Gain,4,Michaela,6843.149999999997,0,Gain
7601001365490,Pharmacie du Plateau de Champel,1206,Genève,2007,Florence,Maintain,4,Florence,3687.52,0,Maintain
7601001016552,Pharmacie du Pont-du-Moulin,2502,Biel/Bienne,2135,Florence,Observe,0,Florence,2384.899999999999,0,Observe
7601001404960,Pharmacie du Sapin SA,1337,Vallorbe,2037,Florence,Maintain,4,Florence,3506.0800000000013,0,Maintain
7601001359680,Drogerie Wittwer,4934,Madiswil,2130,Michaela,Maintain,4,Michaela,7822.29,0,Maintain
7601001405141,Farmacia Ferregutti Sagl,6850,Mendrisio,2093,Alessia,Observe,0,Alessia,1686.7299999999998,0,Observe
7601001026285,TopPharm Apotheke Gellert,4052,Basel,2147,Michaela,Gain,4,Michaela,6866.679999999998,0,Gain
7601001394568,Farmacia Fuoriporta Sagl,6850,Mendrisio,2093,Alessia,Observe,0,Alessia,5141.209999999999,0,Observe
7601001377417,Farmacia Generoso Sagl,6818,Melano,2093,Alessia,Observe,0,Alessia,5427.590000000002,0,Observe
7601001235946,DROPA Drogerie Oberriet,9463,Oberriet,2233,Sarina,Gain,4,Sarina,7936.459999999992,0,Gain
7601001338906,Pharmacie du Tilleul SA,2800,Delémont,2080,Florence,Maintain,4,Florence,700.6700000000001,0,Maintain
7601001393646,Drogerie Balance AG,6102,Malters,2179,Michaela,Maintain,4,Michaela,10298.010000000002,0,Maintain
7601001371293,Farmacia Internazionale,6911,Campione d'Italia,2095,Alessia,Observe,0,Alessia,2997.9899999999993,0,Observe
7601001402256,Apotheke Drogerie Leue,8708,Männedorf,2217,Luis,Defend,4,Luis,14119.930000000002,1,Defend
7601001379695,TopPharm Apotheke Badischer Bahnhof,4058,Basel,2148,Michaela,Gain,4,Michaela,5057.31,0,Gain
7601001017597,Farmacia Internazionale,6600,Locarno,2106,Alessia,Observe,0,Alessia,3845.33,0,Observe
7601001021297,Pharmacie du Val-Terbi SA,2822,Courroux,2080,Florence,Build,4,Florence,13268.0,1,Build
7601001369115,Pharmacie du Vieux-Village SA,1214,Vernier,2016,Florence,Observe,0,Florence,5577.209999999996,0,Observe
7601001396135,Pharmacie du Vully SA,1786,Sugiez,2041,Florence,Maintain,4,Florence,7155.639999999998,0,Maintain
7601001366244,Amavita Apotheke Rhyland,9443,Widnau,2233,Sarina,Gain,4,Sarina,12798.660000000018,0,Gain
7601001017313,BENU Marly,1723,Marly,2085,Eléonore,Maintain,4,Eléonore,15733.349999999982,1,Maintain
7601001015494,Pharmacie La Jonction SA,1723,Marly,2085,Eléonore,Build,4,Eléonore,8950.429999999998,0,Build
7601007998388,Pharmacie MarlyMed,1723,Marly,2085,Eléonore,Maintain,4,Eléonore,2415.7999999999997,0,Maintain
7601001012776,Sun Store Martigny Manoir,1920,Martigny,2056,Eléonore,Build,4,Eléonore,12553.799999999996,0,Build
7601001393257,Sun Store Martigny Cristal,1920,Martigny,2056,Eléonore,Build,4,Eléonore,11161.279999999995,0,Build
7601001378742,Pharmacie de la Gare Martigny SA,1920,Martigny,2056,Eléonore,Observe,0,Eléonore,4747.329999999999,0,Observe
7601001379923,Pharmacie Centrale,1920,Martigny,2056,Eléonore,Observe,0,Eléonore,2450.9300000000003,0,Observe
7601001364806,Müller Handels AG Schweiz,1920,Martigny,2056,Eléonore,Observe,0,Eléonore,0.0,0,Observe
7601001406643,pharmacieplus Lauber SA,1920,Martigny,2056,Eléonore,Maintain,4,Eléonore,5223.22,0,Maintain
7601001394667,pharmacieplus du léman SA,1920,Martigny,2056,Eléonore,Build,4,Eléonore,6419.209999999999,0,Build
7601001396241,BENU Martigny Quartz,1920,Martigny,2056,Eléonore,Maintain,4,Eléonore,12139.72000000001,0,Maintain
7601001377790,BENU Martigny Poste,1920,Martigny,2056,Eléonore,Maintain,4,Eléonore,10048.439999999997,0,Maintain
7601001374966,Pharmacie Zurcher SA,1920,Martigny,2056,Eléonore,Observe,0,Eléonore,3412.7,0,Observe
7601001406506,Pharmacie Werlen,1920,Martigny,2056,Eléonore,Build,4,Eléonore,10610.78,0,Build
7601001290143,Droguerie-Herboristerie l'Alchimiste SA,1920,Martigny,2056,Eléonore,Observe,0,Eléonore,0.0,0,Observe
7601001366497,Farmacia Internazionale dr. Merloni SA,6830,Chiasso,2090,Alessia,Observe,0,Alessia,2734.64,0,Observe
7601001376038,BENU Matran,1753,Matran,2087,Eléonore,Maintain,4,Eléonore,11541.07,0,Maintain
7601001405295,DROPA Drogerie Rogger GmbH,6045,Meggen,2181,Michaela,Build,4,Michaela,9263.940000000004,0,Build
7601001973268,Drogerie Sanitätshaus Roth,8706,Meilen,2217,Luis,Observe,0,Luis,2740.65,0,Observe
7601001406803,DROPA Apotheke Parfumerie Meilen,8706,Meilen,2217,Luis,Maintain,4,Luis,14205.899999999998,1,Maintain
7601003020311,Müller Reformhaus Vital Shop AG,8706,Meilen,2217,Luis,Observe,0,Luis,0.0,0,Observe
7601009366130,Rothaus Apotheke AG,8706,Meilen,2217,Luis,Build,5,Luis,6466.12,0,Build
7601001402362,Apotheke im Zentrum Feldmeilen AG,8706,Meilen,2217,Luis,Maintain,4,Luis,6551.359999999999,0,Maintain
7601001375239,Pharmacie Dufour SA,2502,Biel/Bienne,2135,Florence,Observe,0,Florence,2373.569999999999,0,Observe
7601001403116,Pharmacie Eauxvives-Favon,1204,Genève,2005,Florence,Observe,0,Florence,4142.19,0,Observe
7601001378926,Pharmacie EAUXVIVES-Lac,1207,Genève,2004,Florence,Gain,4,Florence,6338.759999999999,0,Gain
7601001374270,TopPharm Apotheke Münchwilen,9542,Münchwilen,2225,Sarina,Gain,4,Sarina,9758.650000000003,0,Gain
7601001411289,Farmacia Migliore Sagl,6900,Lugano,2097,Alessia,Observe,0,Alessia,1759.1000000000001,0,Observe
7601001396784,Farmacia Pharmantica Sagl,6710,Biasca,2111,Alessia,Observe,0,Alessia,2511.029999999997,0,Observe
7601001380721,Coop Vitality Apotheke Mellingen Reusstalcenter,5507,Mellingen,2166,Luis,Build,5,Luis,14967.970000000005,1,Build
7601001365162,Amavita Apotheke Kongress,7270,Davos Platz,2239,Sarina,Gain,2,Sarina,11765.029999999999,0,Gain
7601001021600,Drogerie C. Haus AG,5507,Mellingen,2166,Luis,Observe,0,Luis,152.12,0,Observe
7601001025035,DROPA Drogerie Klosters,7250,Klosters,2239,Sarina,Observe,0,Sarina,2291.0599999999995,0,Observe
7601001274297,DROPA Drogerie Glarus,8750,Glarus,2231,Sarina,Gain,4,Sarina,14251.939999999988,1,Gain
7601001395534,Farmacia Martinelli SA,6963,Pregassona,2096,Alessia,Observe,0,Alessia,4409.870000000001,0,Observe
7601001372788,Farmacia MGM Azione Sagl,6500,Bellinzona,2109,Alessia,Observe,0,Alessia,3165.6200000000013,0,Observe
7601001367166,Farmacia Loreto Sagl,6900,Lugano,2097,Alessia,Observe,0,Alessia,2687.999999999999,0,Observe
7601002995078,Farmacia Montalbano,6854,San Pietro di Stabio,2093,Alessia,Observe,0,Alessia,1398.6199999999994,0,Observe
7601001411685,Farmacia Magliaso Sagl,6983,Magliaso,2099,Alessia,Observe,0,Alessia,1041.4499999999996,0,Observe
7601001244283,Farmacia Nazionale,6500,Bellinzona,2109,Alessia,Observe,0,Alessia,2925.03,0,Observe
7601001241244,Farmacia Nuova Europa,6900,Paradiso,2097,Alessia,Observe,0,Alessia,5889.919999999999,0,Observe
7601009234491,Farmacia Paradiso SA,6900,Paradiso,2097,Alessia,Observe,0,Alessia,5738.67,0,Observe
7601001408760,Apotheke Dr. Müller AG,5737,Menziken,2163,Luis,Observe,0,Luis,7509.729999999999,0,Observe
7601001412477,BENU Menziken,5737,Menziken,2163,Luis,Observe,0,Luis,2678.8599999999997,0,Observe
7601001413214,Drogerie Hermann Menzingen,6313,Menzingen,2184,Luis,Observe,0,Luis,336.63,0,Observe
7601009506772,Apotheke im Shopping Center GmbH,8957,Spreitenbach,2167,Luis,Defend,4,Luis,0.0,0,Defend
7601001011076,Farmacia Luganese SA,6900,Lugano,2097,Alessia,Observe,0,Alessia,3191.0599999999995,0,Observe
7601001392250,Bahnhof-Apotheke P. Bolliger AG,8200,Schaffhausen,2220,Sarina,Defend,4,Sarina,16442.180000000004,1,Defend
7601001374010,Pharmacie Erard Alle SA,2942,Alle,2078,Florence,Maintain,4,Florence,14076.060000000001,1,Maintain
7601001996250,Pharmacie Floréal SA,1207,Genève,2004,Florence,Observe,0,Florence,1294.8600000000004,0,Observe
7601001412170,Pharmacie Gare Chêne-Bourg SA,1225,Chêne-Bourg,2010,Florence,Observe,0,Florence,3154.069999999999,0,Observe
7601001018983,Pharmacie Gauchat,2034,Peseux,2076,Florence,Build,4,Florence,17770.44,1,Build
7601001355286,Pharmacie du Jorat,1083,Mézières,2044,Eléonore,Build,4,Eléonore,7628.98,0,Build
7601001010864,Farmacia Pestoni,6855,Stabio,2093,Alessia,Observe,0,Alessia,5523.850000000001,0,Observe
7601001011533,Pharmacie Gouda,1224,Chêne-Bougeries,2010,Florence,Build,4,Florence,9466.63,0,Build
7601001392014,Farmacia Pharma Village - La Rinascente,6853,Ligornetto,2093,Alessia,Observe,0,Alessia,1169.2799999999997,0,Observe
7601001380240,Farmacia Federale-Conti SA,6900,Massagno,2097,Alessia,Observe,0,Alessia,2627.7200000000003,0,Observe
7601001400672,Farmacia Nuova Emilio Chiesa SA,6830,Chiasso,2090,Alessia,Observe,0,Alessia,1777.28,0,Observe
7601001398498,Oberdorf-Apotheke Möhlin AG,4313,Möhlin,2175,Michaela,Gain,4,Michaela,899.8900000000001,0,Gain
7601001666146,Apotheke im Zentrum Möhlin,4313,Möhlin,2175,Michaela,Gain,4,Michaela,12861.289999999999,0,Gain
7601001392304,Apotheke Möhlin AG,4313,Möhlin,2175,Michaela,Build,4,Michaela,11320.640000000001,0,Build
7601001412057,Apotheke & Drogerie Riburg,4313,Möhlin,2175,Michaela,Gain,4,Michaela,4096.349999999999,0,Gain
7601001400467,Drogerie Venzin AG,4313,Möhlin,2175,Michaela,Observe,0,Michaela,2131.76,0,Observe
7601001011151,Farmacia Quattrini SA,6850,Mendrisio,2093,Alessia,Observe,0,Alessia,3287.560000000001,0,Observe
7601009162398,Pharmacie Impériale SA,1201,Genève,2001,Florence,Gain,4,Florence,1299.9400000000003,0,Gain
7601001884991,Pharmacie Internationale,1201,Genève,2001,Florence,Maintain,4,Florence,3585.44,0,Maintain
7612096769216,Manor SA-Monthey,1870,Monthey,2055,Eléonore,Observe,0,Eléonore,0.0,0,Observe
7601001025509,Sun Store Monthey M-Central,1870,Monthey,2055,Eléonore,Build,4,Eléonore,16599.79000000002,1,Build
7601001025462,Sun Store Monthey Manor,1870,Monthey,2055,Eléonore,Build,4,Eléonore,16633.740000000013,1,Build
7601001404861,Amavita Apotheke Ilanz,7130,Ilanz,2237,Sarina,Gain,4,Sarina,11532.720000000005,0,Gain
7601001370777,BENU Monthey,1870,Monthey,2055,Eléonore,Maintain,4,Eléonore,11851.659999999985,0,Maintain
7601001399983,Droguerie Garrone SA,1870,Monthey,2055,Eléonore,Observe,0,Eléonore,0.0,0,Observe
7601001005969,pharmacieplus de lavallaz,1870,Monthey 2,2055,Eléonore,Observe,0,Eléonore,2810.5999999999995,0,Observe
7601001353329,Sun Store Montreux,1820,Montreux,2050,Eléonore,Build,4,Eléonore,11416.570000000002,0,Build
7601001404786,Pharmacie du Jazz SA,1820,Montreux,2050,Eléonore,Maintain,4,Eléonore,6609.98,0,Maintain
7601001365360,Müller Handels AG Schweiz,1820,Montreux,2050,Eléonore,Observe,0,Eléonore,0.0,0,Observe
7601001403451,pharmacieplus de la tour d'ivoire,1820,Montreux,2050,Eléonore,Observe,0,Eléonore,2429.4199999999987,0,Observe
7601001393462,Amavita Apotheke Corviglia,7500,St. Moritz,2240,Sarina,Gain,2,Sarina,11771.15,0,Gain
7601001638327,BENU Montreux - Gare,1820,Montreux,2050,Eléonore,Gain,4,Eléonore,11794.760000000007,0,Gain
7601001404793,Pharmacie Holistique,1820,Montreux,2050,Eléonore,Observe,0,Eléonore,959.9499999999999,0,Observe
7601001368354,"Pharmacie du Palace, Montreux SA",1820,Montreux,2050,Eléonore,Observe,0,Eléonore,1925.38,0,Observe
7601001319516,Droguerie du Forum,1820,Montreux,2050,Eléonore,Observe,0,Eléonore,0.0,0,Observe
7601001007123,Farmacia Nassa SA,6900,Lugano,2097,Alessia,Observe,0,Alessia,3798.3499999999995,0,Observe
7601001401969,Pharmacie du Crêt,1110,Morges,2031,Eléonore,Maintain,4,Eléonore,8184.320000000001,0,Maintain
7601001412019,Pharmacie de la Gare,1110,Morges,2031,Eléonore,Build,5,Eléonore,21499.84,1,Build
7601001377554,Coop Vitality Pharmacie Morges,1110,Morges,2031,Eléonore,Maintain,4,Eléonore,8279.24,0,Maintain
7601001282896,Sun Store Morges Migros,1110,Morges,2031,Eléonore,Build,4,Eléonore,19109.78000000004,1,Build
7601001378377,Sun Store Morges Centre,1110,Morges,2031,Eléonore,Build,4,Eléonore,11888.310000000007,0,Build
7601001393479,Pharmacie Populaire Charpié,1110,Morges,2031,Eléonore,Maintain,4,Eléonore,3140.649999999999,0,Maintain
7601001855335,Amavita Apotheke Center Biel,2502,Biel/Bienne,2135,Florence,Maintain,4,Florence,10142.280000000006,0,Maintain
7601001410190,Pharmacie Amavita Aigle,1860,Aigle,2052,Eléonore,Maintain,4,Eléonore,5879.340000000005,0,Maintain
7601001371507,BENU Morges,1110,Morges,2031,Eléonore,Observe,0,Eléonore,3216.5899999999997,0,Observe
7601001021150,DROPA Drogerie Cremer,9435,Heerbrugg,2233,Sarina,Build,4,Sarina,7629.849999999997,0,Build
7601001369702,Pharmadom Sàrl,1510,Moudon,2044,Eléonore,Observe,0,Eléonore,459.30000000000007,0,Observe
7601001364790,Sun Store Moudon,1510,Moudon,2044,Eléonore,Build,4,Eléonore,10217.45,0,Build
7601001023062,Pharmacie Moudonnoise P. Aubort S.A.,1510,Moudon,2044,Eléonore,Build,4,Eléonore,20114.680000000004,1,Build
7601001369917,Pharmacie La Clef d'Arve,1205,Genève,2006,Florence,Observe,0,Florence,4739.15,0,Observe
7601001377097,Pharmacie Littoral-Centre SA,2016,Cortaillod,2072,Florence,Build,4,Florence,13223.82000000001,1,Build
7601001934450,Pharmacie Mariotti SA,2400,Le Locle,2074,Florence,Maintain,4,Florence,5129.96,0,Maintain
7601001406650,TopPharm Murifeld Apotheke,3006,Bern,2115,Michaela,Gain,4,Michaela,9330.440000000004,0,Gain
7601001409583,DROPA Drogerie Bischofszell AG,9220,Bischofszell,2225,Sarina,Maintain,4,Sarina,5947.59,0,Maintain
7601001395060,Pharmacie Marti - Cernier,2053,Cernier,2076,Florence,Gain,4,Florence,14661.28,1,Gain
7601001378841,Pharmacie Marti - Place Pury,2000,Neuchâtel,2071,Florence,Build,4,Florence,10964.39,0,Build
7601001354371,Gartenstadt Apotheke AG,4142,Münchenstein,2154,Michaela,Defend,4,Michaela,16911.84,1,Defend
7601009205071,TopPharm Egghölzli Apotheke,3006,Bern,2115,Michaela,Gain,4,Michaela,10132.49,0,Gain
7601001025189,DROPA Drogerie Appenzell,9050,Appenzell,2226,Sarina,Maintain,4,Sarina,12395.49,0,Maintain
7601001242852,DROPA Drogerie Apotheke Rapperswil,8640,Rapperswil,2231,Sarina,Build,4,Sarina,19533.629999999994,1,Build
7601001399914,üsi drogerie ag,3110,Münsingen,2125,Michaela,Observe,0,Michaela,2318.4399999999996,0,Observe
7601001011120,DROPA Drogerie Apotheke Aare,3110,Münsingen,2125,Michaela,Maintain,4,Michaela,13771.249999999998,1,Maintain
7601001365285,Dorfplatz Apotheke AG,3110,Münsingen,2125,Michaela,Build,4,Michaela,7676.95,0,Build
7601001365452,Bahnhof Apotheke AG,3110,Münsingen,2125,Michaela,Build,4,Michaela,14274.90999999999,1,Build
7601001009578,DROPA Drogerie Apotheke Davos,7270,Davos Platz,2239,Sarina,Gain,2,Sarina,13123.259999999995,1,Gain
7601001392182,DROPA Drogerie Apotheke Bonaduz,7402,Bonaduz,2237,Sarina,Maintain,4,Sarina,8230.779999999999,0,Maintain
7601001380462,Farmacia Riviera SA,6527,Lodrino,2110,Alessia,Observe,0,Alessia,5355.99,0,Observe
7601001234062,Farmacia Ronchi di Gabriele Ronchi,6874,Castel S. Pietro,2092,Alessia,Observe,0,Alessia,2786.25,0,Observe
7601001400627,La Boutique de l'Apothicaire SA,1893,Muraz (Collombey),2054,Eléonore,Build,4,Eléonore,5474.789999999998,0,Build
7601001379770,Coop Vitality Apotheke Muri Muripark,5630,Muri,2165,Luis,Defend,4,Luis,20227.040000000015,1,Defend
7601001366763,Amavita Apotheke Münchenbuchsee,3053,Münchenbuchsee,2132,Florence,Maintain,4,Florence,13755.769999999995,1,Maintain
7601001017245,TopPharm Nordring-Apotheke,3013,Bern,2116,Michaela,Gain,4,Michaela,5602.540000000001,0,Gain
7601001365629,Neue Apotheke Muri AG,3074,Muri bei Bern,2127,Michaela,Build,4,Michaela,15477.010000000011,1,Build
7601001401693,Pharmacie Marti - Vauseyon,2000,Neuchâtel,2071,Florence,Maintain,4,Florence,5094.380000000001,0,Maintain
7601009232718,Pharmacie Marti Geneveys / Coffrane SA,2206,Les Geneveys-sur-Coffrane,2076,Florence,Maintain,4,Florence,3143.99,0,Maintain
7601001988651,Pharmacie Zur Rose Romanel-sur-Lausanne,1032,Romanel-sur-Lausanne,2035,Eléonore,Gain,4,Eléonore,6337.190000000002,0,Gain
7601001406605,Pharmacie Meyrin-Vergers SA,1217,Meyrin,2016,Florence,Build,4,Florence,6709.399999999998,0,Build
7601001008540,Pharmacie Munier SA,1213,Onex,2013,Florence,Maintain,4,Florence,5381.18,0,Maintain
7601001998506,Pharmacie Nyon Fontaines,1260,Nyon,2027,Florence,Maintain,4,Florence,2883.0699999999997,0,Maintain
7601001067394,DROPA Drogerie Apotheke Arbon,9320,Arbon,2224,Sarina,Defend,4,Sarina,16437.909999999993,1,Defend
7601001229235,Drogerie-Parfümerie Lutzert,4132,Muttenz,2155,Michaela,Observe,0,Michaela,2041.1799999999996,0,Observe
7601001369825,DROPA Drogerie Dietschi,4132,Muttenz,2155,Michaela,Observe,0,Michaela,2288.5400000000013,0,Observe
7601009103001,Lindenapotheke Rössli Muttenz,4132,Muttenz,2155,Michaela,Maintain,4,Michaela,7120.5199999999995,0,Maintain
7601001408289,TopPharm Birs-Apotheke,4127,Birsfelden,2155,Michaela,Gain,4,Michaela,3870.3599999999997,0,Gain
7601001406834,TopPharm Apotheke Bischofszell AG,9220,Bischofszell,2225,Sarina,Gain,4,Sarina,9868.64,0,Gain
7601001380417,DROPA Apotheke Domat,7013,Domat/Ems,2237,Sarina,Build,4,Sarina,13381.27999999998,1,Build
7601001380547,Drogheria Girasole GmbH,7603,Vicosoprano,2240,Sarina,Observe,0,Sarina,2282.679999999999,0,Observe
7601001018990,DorfApotheke Naters AG,3904,Naters,2070,Eléonore,Build,4,Eléonore,13702.860000000002,1,Build
7601001377110,Central-Apotheke,3904,Naters,2070,Eléonore,Maintain,4,Eléonore,13525.11,1,Maintain
7601001409750,Brunnmatt Drogerie GmbH,6244,Nebikon,2180,Michaela,Observe,0,Michaela,3057.75,0,Observe
7601009482298,Drogerie Irchel,8413,Neftenbach,2207,Luis,Maintain,4,Luis,0.0,0,Maintain
7601001376007,Drogerie-Apotheke Lacuna,7006,Chur,2236,Sarina,Gain,4,Sarina,6116.900000000001,0,Gain
7601007997640,Drogerie Zuzwil GmbH,9524,Zuzwil,2230,Sarina,Observe,0,Sarina,4772.639999999999,0,Observe
7601001380202,Pharmacie Nyonnaise SA,1260,Nyon,2027,Florence,Maintain,4,Florence,6128.099999999999,0,Maintain
7601001996571,Pharmacie Perdtemps Sàrl,1260,Nyon,2027,Florence,Gain,4,Florence,2556.4199999999996,0,Gain
7601001397453,Pharmacie Perle du Lac Sàrl,1202,Genève,2003,Florence,Maintain,4,Florence,2811.4999999999995,0,Maintain
7601001401587,Pharmacie Pharmanature Dancet,1205,Genève,2006,Florence,Observe,0,Florence,2063.71,0,Observe
7601001025134,Pharmacie Pillonel SA,2300,La Chaux-de-Fonds,2075,Florence,Build,4,Florence,5536.919999999999,0,Build
7601009138980,Pharmacie Place de l'Octroi,1227,Carouge,2012,Florence,Maintain,4,Florence,2394.5400000000004,0,Maintain
7601001026803,Pharmacie Plaza SA,1201,Genève,2001,Florence,Maintain,4,Florence,7483.379999999997,0,Maintain
7601001398900,Pharmacie Populaire Caroll,1213,Petit-Lancy,2013,Florence,Observe,0,Florence,3452.9700000000003,0,Observe
7601001027244,Pharmacie Populaire Carouge,1227,Carouge,2012,Florence,Build,4,Florence,8224.140000000001,0,Build
7601001027176,Pharmacie Populaire Charmilles,1203,Genève,2002,Florence,Build,4,Florence,7805.629999999999,0,Build
7601001027121,Pharmacie Populaire Cité,1204,Genève,2005,Florence,Maintain,4,Florence,7617.299999999999,0,Maintain
7601009443923,Pharmacie Populaire Concorde,1219,Châtelaine,2015,Florence,Gain,4,Florence,819.3599999999999,0,Gain
7601001027190,Pharmacie Populaire Drugstore Rive-Droite,1202,Genève,2003,Florence,Build,4,Florence,16056.370000000006,1,Build
7601001027220,Pharmacie Populaire Epinettes,1227,Carouge,2012,Florence,Gain,4,Florence,13970.550000000003,1,Gain
7601001861497,Pharmacie Populaire Etang,1219,Châtelaine,2015,Florence,Gain,4,Florence,7794.51,0,Gain
7601001324916,Pharmacie Populaire Gradelle,1224,Chêne-Bougeries,2010,Florence,Maintain,4,Florence,5508.4400000000005,0,Maintain
7601001401662,Pharmacie Populaire Grandes-Communes,1213,Onex,2013,Florence,Build,4,Florence,6659.6799999999985,0,Build
7601001010857,Pharmacie Populaire Grosclaude,1204,Genève,2005,Florence,Build,4,Florence,24038.45999999998,1,Build
7601001059405,Pharmacie Populaire Grottes & Beaulieu,1202,Genève,2003,Florence,Maintain,4,Florence,7075.489999999998,0,Maintain
7601001570313,TopPharm Apoteca Piz Ot - Cho d'Punt,7503,Samedan,2240,Sarina,Gain,2,Sarina,12498.550000000001,0,Gain
7601001406278,DROPA Drogerie Käch - Neuenkirch,6206,Neuenkirch,2180,Michaela,Maintain,4,Michaela,4481.219999999999,0,Maintain
7601001014619,Drogerie Walhalla AG,9100,Herisau,2226,Sarina,Gain,4,Sarina,5561.5199999999995,0,Gain
7601001400498,Drogerie Waldstatt AG,9104,Waldstatt,2226,Sarina,Observe,0,Sarina,3505.4800000000005,0,Observe
7601001353473,Drogerie Vögele,8570,Weinfelden,2225,Sarina,Observe,0,Sarina,425.6499999999998,0,Observe
7601001368736,Amavita Apotheke Stadthaus,4051,Basel,2142,Michaela,Maintain,4,Michaela,7573.990000000003,0,Maintain
7601001404236,Pharmacie Populaire Jet d'Eau,1207,Genève,2004,Florence,Build,4,Florence,8945.929999999993,0,Build
7601001027169,Pharmacie Populaire Mail,1205,Genève,2006,Florence,Observe,0,Florence,3452.090000000002,0,Observe
7601001409767,Zentralapotheke Niederbipp,4704,Niederbipp,2130,Michaela,Observe,0,Michaela,3939.3600000000038,0,Observe
7601001399839,TopPharm Apoteca Desertina AG,7180,Disentis/Mustér,2237,Sarina,Gain,4,Sarina,9751.86,0,Gain
7601001405134,Hetex Apotheke,5702,Niederlenz,2162,Luis,Build,5,Luis,17854.77,1,Build
7601001378339,Coop Vitality Apotheke Niederrohrdorf,5443,Niederrohrdorf,2166,Luis,Maintain,4,Luis,12405.470000000008,0,Maintain
7601001406759,Gesundheitshaus und Drogerie Meier AG,5443,Niederrohrdorf,2166,Luis,Gain,4,Luis,4638.250000000001,0,Gain
7601001016187,Drogerie und Reformhaus im Städtle,9490,Vaduz,2232,Sarina,Observe,0,Sarina,1263.92,0,Observe
7601001356542,Drogerie Wehntal,8166,Niederweningen,2205,Luis,Observe,0,Luis,3134.8,0,Observe
7601001398016,Apotheke im Paraplegiker-Zentrum,6207,Nottwil,2180,Michaela,Observe,0,Michaela,7118.120000000003,0,Observe
7601001400764,Farmacia Rossetti di Chiara,6710,Biasca,2111,Alessia,Observe,0,Alessia,2173.68,0,Observe
7601001372955,Farmacia Salus,6900,Lugano,2097,Alessia,Observe,0,Alessia,1740.2700000000002,0,Observe
7601001013629,Farmacia San Cosimo SA,6574,Vira,2103,Alessia,Observe,0,Alessia,2117.48,0,Observe
7601001394087,TopPharm Löwen Apotheke AG,5600,Lenzburg,2162,Luis,Gain,4,Luis,6750.039999999998,0,Gain
7601001375529,Pharmacie Populaire Moillebeau,1209,Genève,2003,Florence,Build,4,Florence,7726.99,0,Build
7601001027237,Pharmacie Populaire Nations,1202,Genève,2003,Florence,Maintain,4,Florence,12064.779999999995,0,Maintain
7601001027152,Pharmacie Populaire Navigation,1201,Genève,2001,Florence,Build,4,Florence,9980.549999999996,0,Build
7601001321847,Pharmacie Populaire Noyer,1212,Grand-Lancy,2014,Florence,Build,4,Florence,17840.27999999999,1,Build
7601001027183,Pharmacie Populaire Petit-Lancy/Onex,1213,Petit-Lancy,2013,Florence,Build,4,Florence,19307.969999999994,1,Build
7601001027145,Pharmacie Populaire Plainpalais,1205,Genève,2006,Florence,Build,4,Florence,9478.669999999998,0,Build
7601001375284,Pharmacie Populaire Plan-les-Ouates,1228,Plan-les-Ouates,2014,Florence,Build,4,Florence,13827.670000000013,1,Build
7601009098277,Pharmacie Populaire Pommier,1218,Le Grand-Saconnex,2018,Florence,Gain,4,Florence,8885.749999999998,0,Gain
7601001366596,Pharmacie Populaire Tranchées,1206,Genève,2007,Florence,Maintain,4,Florence,5967.669999999999,0,Maintain
7601001027213,Pharmacie Populaire Trois-Chêne,1225,Chêne-Bourg,2010,Florence,Maintain,4,Florence,7116.05,0,Maintain
7601001399389,Pharmacie Populaire Voltaire,1201,Genève,2001,Florence,Maintain,4,Florence,5395.849999999999,0,Maintain
7601001398924,Pharmacie Pré-du-Camp SA,1228,Plan-les-Ouates,2014,Florence,Build,4,Florence,6172.72,0,Build
7601001400290,Pharmacie Promenade de l'Europe Sàrl,1203,Genève,2002,Florence,Observe,0,Florence,2372.56,0,Observe
7601001982901,Apotheke Bader GmbH,3414,Oberburg,2129,Michaela,Observe,0,Michaela,1386.4599999999998,0,Observe
7601002999489,BENU Oberdiessbach,3672,Oberdiessbach,2124,Michaela,Build,4,Michaela,9226.590000000006,0,Build
7601009128400,TopPharm SchlossApotheke in Neuenegg,3176,Neuenegg,2120,Florence,Gain,4,Michaela,446.65000000000003,0,Gain
7601001374478,Amavita Apotheke Central,4051,Basel,2142,Michaela,Maintain,4,Michaela,12742.640000000014,0,Maintain
7601001408616,Lindenapotheke Oberentfelden,5036,Oberentfelden,2158,Michaela,Maintain,4,Michaela,8719.089999999997,0,Maintain
7601001009295,Schlossdrogerie,3653,Oberhofen am Thunersee,2124,Michaela,Observe,0,Michaela,4177.33,0,Observe
7601001398351,Sternen Apotheke Oberrieden AG,8942,Oberrieden,2202,Luis,Observe,0,Luis,2372.419999999999,0,Observe
7601001409903,Drogerie und Bürobedarf Brunner AG,8722,Kaltbrunn,2231,Sarina,Maintain,4,Sarina,12198.969999999998,0,Maintain
7601001410657,Thur Drogerie Stammertal,8477,Oberstammheim,2207,Luis,Observe,0,Luis,5038.940000000001,0,Observe
7601001334007,Drogerie und Bürobedarf Brunner AG,8752,Näfels,2231,Sarina,Maintain,4,Sarina,24709.43,1,Maintain
7601001405493,Coop Vitality Apotheke Oberwil Zentrum,4104,Oberwil,2152,Michaela,Defend,4,Michaela,19860.720000000027,1,Defend
7601001586680,Coop Vitality Apotheke Oberwil Megastore,4104,Oberwil,2152,Michaela,Maintain,4,Michaela,16604.280000000006,1,Maintain
7601001412781,Apotheke im Rheinpark,9430,St. Margrethen,2233,Sarina,Defend,4,Sarina,22402.120000000006,1,Defend
7601001319745,Drogerie Schläpfer GmbH,4104,Oberwil BL,2152,Michaela,Observe,0,Michaela,1128.9199999999998,0,Observe
7601001370272,DROPA Drogerie Siegrist AG,4702,Oensingen,2140,Michaela,Observe,0,Michaela,6321.6200000000035,0,Observe
7601001402966,Medbase Apotheke Aarau Telli,5004,Aarau,2157,Michaela,Maintain,4,Michaela,15540.669999999995,1,Maintain
7601001380523,Müller Handels AG Schweiz,4702,Oensingen,2140,Michaela,Observe,0,Michaela,0.0,0,Observe
7601001376212,Coop Vitality Apotheke Oftringen,4665,Oftringen,2159,Michaela,Defend,4,Michaela,26337.780000000028,1,Defend
7601001412934,Amavita Apotheke Basel St. Jakob,4052,Basel,2147,Michaela,Maintain,4,Michaela,10992.219999999998,0,Maintain
7601009128110,Dorfapotheke Oftringen,4665,Oftringen,2159,Michaela,Gain,4,Michaela,1601.3299999999997,0,Gain
7601009308161,Farmacia San Giorgio,6946,Ponte Capriasca,2102,Alessia,Observe,0,Alessia,4595.26,0,Observe
7601001348707,Pharmacie-Droguerie Monachon Sàrl,1867,Ollon,2052,Eléonore,Maintain,4,Eléonore,6397.06,0,Maintain
7601001022997,DROPA Drogerie Wyss,4600,Olten,2141,Michaela,Maintain,4,Michaela,4563.259999999998,0,Maintain
7601001326989,Müller Handels AG Schweiz,4600,Olten,2141,Michaela,Observe,0,Michaela,0.0,0,Observe
7601001407046,Saner Apotheke AG,4600,Olten,2141,Michaela,Observe,0,Michaela,3499.4899999999993,0,Observe
7601001395978,Apotheke Surseepark AG,6210,Sursee,2180,Michaela,Defend,4,Michaela,35165.32000000002,1,Defend
7601001392069,Apotheke Drogerie Durrer & Näpflin AG,6370,Stans,2182,Sarina,Defend,4,Sarina,30762.44000000001,1,Defend
7601001402034,TopPharm Schloss Apotheke Parfumerie AG,8500,Frauenfeld,2221,Sarina,Maintain,4,Sarina,5422.03,0,Maintain
7601001020344,Hammer-Apotheke AG,4600,Olten,2141,Michaela,Maintain,4,Michaela,9585.880000000001,0,Maintain
7601001367470,Pharmacie Quai du Mont-Blanc SA,1201,Genève,2001,Florence,Observe,0,Florence,1231.97,0,Observe
7601001394407,Pharmacie Rieu-Tour SA,1208,Genève,2008,Florence,Build,4,Florence,5489.8,0,Build
7601001368491,Pharmacie rue Ecole-de-Médecine SA,1205,Genève,2006,Florence,Maintain,4,Florence,3860.299999999999,0,Maintain
7601001375086,Pharmacie Rue Lombard Sàrl,1205,Genève,2006,Florence,Observe,0,Florence,0.0,0,Observe
7601001967090,Pharmacie Saint-Mathieu SA,1233,Bernex,2015,Florence,Observe,0,Florence,3302.8500000000004,0,Observe
7601001994737,Pharmacie St-Hubert SA,2340,Le Noirmont,2078,Florence,Defend,4,Florence,8448.75,0,Defend
7601001400894,Coop Vitality Apotheke Opfikon,8152,Opfikon,2213,Luis,Maintain,4,Luis,11437.080000000022,0,Maintain
7601001376410,Pharmacie St-Victor SA,1227,Carouge,2012,Florence,Gain,4,Florence,5083.5599999999995,0,Gain
7601009286407,Pharmacie Sun Store Sainte-Croix,1450,Ste-Croix,2038,Florence,Maintain,4,Florence,5689.61,0,Maintain
7601001372030,Pharmacie Terrassière,1207,Genève,2004,Florence,Maintain,4,Florence,3948.019999999999,0,Maintain
7601001026179,Pharmacie Thônex-Jeandin,1226,Thônex,2011,Florence,Maintain,4,Florence,1890.6799999999976,0,Maintain
7601002999472,Pharmacie Vergell,1201,Genève,2001,Florence,Build,4,Florence,3066.0100000000007,0,Build
7601001895775,Coop Vitality Pharmacie Oron-la-Ville,1610,Oron-la-Ville,2044,Eléonore,Gain,4,Eléonore,12995.030000000013,0,Gain
7601001602199,pharmacieplus d'oron,1610,Oron-la-Ville,2044,Eléonore,Build,4,Eléonore,11222.019999999995,0,Build
7601001399501,Pharmacie Vipha,1205,Genève,2006,Florence,Maintain,4,Florence,0.0,0,Maintain
7601001400900,Pharmacie d'Orsières SA,1937,Orsières,2057,Eléonore,Maintain,4,Eléonore,4553.07,0,Maintain
7601001953079,Wegmühle Apotheke AG,3072,Ostermundigen,2127,Michaela,Maintain,4,Michaela,6585.989999999997,0,Maintain
7601001377158,Müller Handels AG Schweiz,3072,Ostermundigen,2127,Michaela,Observe,0,Michaela,0.0,0,Observe
7601001368132,Amavita Apotheke Murten,3280,Murten,2089,Florence,Maintain,4,Florence,5751.620000000011,0,Maintain
7601001029217,Apotheke Moser AG,3072,Ostermundigen,2127,Michaela,Observe,0,Michaela,8284.68,0,Observe
7601007998067,Bären Apotheke & Drogerie Ostermundigen,3072,Ostermundigen,2127,Michaela,Observe,0,Michaela,2750.8099999999995,0,Observe
7601001022324,Farmacia San Giorgio SA,6834,Morbio Inferiore,2091,Alessia,Observe,0,Alessia,3327.1099999999997,0,Observe
7601001409293,Farmacia San Gottardo,6830,Chiasso,2090,Alessia,Observe,0,Alessia,2579.04,0,Observe
7601001325623,Farmacia San Gottardo SA,6900,Massagno,2097,Alessia,Observe,0,Alessia,2212.3799999999997,0,Observe
7601001399570,Pharmacie de Paudex Sàrl,1094,Paudex,2045,Eléonore,Observe,0,Eléonore,2590.5399999999986,0,Observe
7601001371552,Pharmacie Voirol SA,2854,Bassecourt,2078,Florence,Build,4,Florence,7084.089999999999,0,Build
7601001411838,pharmacieplus avenchoise sa,1580,Avenches,2041,Florence,Maintain,4,Florence,8773.59,0,Maintain
7601001402195,pharmacieplus bourquin,2108,Couvet,2073,Florence,Maintain,4,Florence,2482.8599999999997,0,Maintain
7601001402171,pharmacieplus centrale fleurier,2114,Fleurier,2073,Florence,Maintain,4,Florence,9202.35,0,Maintain
7601001006010,pharmacieplus centrale matthys SA,2000,Neuchâtel,2071,Florence,Gain,4,Florence,5247.3099999999995,0,Gain
7601001413122,pharmacieplus centrale nyon,1260,Nyon,2027,Florence,Build,4,Florence,4603.66,0,Build
7601001366015,pharmacieplus de châtelaine,1219,Châtelaine,2015,Florence,Maintain,4,Florence,5763.120000000001,0,Maintain
7601001342286,Pharmacie de la Venoge SA,1305,Penthalaz,2036,Eléonore,Build,5,Eléonore,14508.079999999998,1,Build
7601001365261,pharmacieplus de colombier sa,2013,Colombier,2072,Florence,Build,4,Florence,12632.91,0,Build
7601001404458,Pharmacie de Grange-Canal SA,1224,Chêne-Bougeries,2010,Florence,Maintain,4,Florence,4565.899999999999,0,Maintain
7601001380707,pharmacieplus de grenus,1201,Genève,2001,Florence,Build,4,Florence,7837.379999999998,0,Build
7601001406667,pharmacieplus de l'orangerie,2000,Neuchâtel,2071,Florence,Observe,0,Florence,4008.269999999998,0,Observe
7601001372740,pharmacieplus de la gare,1400,Yverdon-les-Bains,2039,Florence,Defend,4,Florence,14238.34,1,Defend
7601001019355,pharmacieplus de la grand-rue,2034,Peseux,2076,Florence,Maintain,4,Florence,4606.589999999999,0,Maintain
7601001403819,pharmacieplus de la neuveville cm SA,2520,La Neuveville,2137,Florence,Build,4,Florence,10028.99,0,Build
7601001333994,Drogerie und Bürobedarf Brunner AG,8716,Schmerikon,2231,Sarina,Observe,0,Sarina,1006.72,0,Observe
7601001868557,Drogerie Teufer AG,8330,Pfäffikon,2210,Sarina,Gain,4,Sarina,11973.820000000002,0,Gain
7601001234185,Drogerie Stebler AG,7000,Chur,2236,Sarina,Observe,0,Sarina,2474.9099999999994,0,Observe
7601001404298,Drogerie Sonderegger GmbH,9042,Speicher,2226,Sarina,Observe,0,Sarina,4642.809999999999,0,Observe
7601001021211,Drogerie Schneider AG,7430,Thusis,2237,Sarina,Observe,0,Sarina,0.0,0,Observe
7601001269972,Drogerie Schneider AG,7430,Thusis,2237,Sarina,Maintain,4,Sarina,8586.11,0,Maintain
7601001394766,Central Rotpunkt Apotheke AG,8800,Thalwil,2202,Luis,Defend,4,Luis,16824.5,1,Defend
7601001015173,pharmacieplus de la poste,1530,Payerne,2042,Florence,Maintain,4,Florence,5662.59,0,Maintain
7601001404137,pharmacieplus de la rosière,2000,Neuchâtel,2071,Florence,Gain,4,Florence,4290.529999999999,0,Gain
7601001993822,pharmacieplus de la vallée sa,1347,Le Sentier,2037,Florence,Maintain,4,Florence,3840.37,0,Maintain
7601001258679,pharmacieplus de monruz,2000,Neuchâtel,2071,Florence,Observe,0,Florence,4437.11,0,Observe
7601001365032,pharmacieplus de saint-jean,1203,Genève,2002,Florence,Build,4,Florence,8329.43,0,Build
7601001007871,Farmacia San Lorenzo,6616,Losone,2104,Alessia,Observe,0,Alessia,2931.0600000000013,0,Observe
7601001356030,Farmacia Martinoli SA,6718,Olivone,2112,Alessia,Observe,0,Alessia,2941.2600000000016,0,Observe
7601001377745,Farmacia San Luigi,6805,Mezzovico,2102,Alessia,Observe,0,Alessia,5715.379999999999,0,Observe
7601001408500,Drogerie Samnaun GmbH,7563,Samnaun Dorf,2240,Sarina,Observe,0,Sarina,950.94,0,Observe
7601001364943,pharmacieplus de saule,1233,Bernex,2015,Florence,Observe,0,Florence,1010.21,0,Observe
7601001008458,pharmacieplus des 3 chevrons,2088,Cressier,2077,Florence,Observe,0,Florence,1415.8800000000003,0,Observe
7601001408173,pharmacieplus des cadolles,2000,Neuchâtel,2071,Florence,Build,4,Florence,8757.57,0,Build
7601001006447,pharmacieplus des fontaines,1227,Carouge,2012,Florence,Observe,0,Florence,6093.929999999999,0,Observe
7601001397460,pharmacieplus des forges sa,2300,La Chaux-de-Fonds,2075,Florence,Maintain,4,Florence,3373.0799999999995,0,Maintain
7601001405868,pharmacieplus du bourg,2074,Marin-Epagnier,2077,Florence,Build,4,Florence,8021.29,0,Build
7601001413016,Drogerie Sachseln AG,6072,Sachseln,2182,Sarina,Maintain,4,Sarina,3500.9600000000005,0,Maintain
7601001019706,pharmacieplus du camus SA,1470,Estavayer-le-Lac,2041,Florence,Maintain,4,Florence,16362.100000000008,1,Maintain
7601001370555,BENU Le Mouret,1724,Praroman-Le Mouret,2082,Eléonore,Maintain,4,Eléonore,9714.779999999997,0,Maintain
7601001561021,Farmacia San Nicolao,6900,Lugano,2097,Alessia,Observe,0,Alessia,4628.9,0,Observe
7601001372184,Farmacia San Nicolao Eredi Angela Tarchini,6883,Novazzano,2092,Alessia,Observe,0,Alessia,2859.0,0,Observe
7601001027312,Farmacia San Provino SA,6982,Agno,2099,Alessia,Observe,0,Alessia,5221.680000000002,0,Observe
7601001400511,Farmacia San Zeno SA,6814,Lamone,2100,Alessia,Observe,0,Alessia,6015.65,0,Observe
7601001973466,Farmacia d'Antonio,6900,Lugano,2097,Alessia,Observe,0,Alessia,2610.5699999999993,0,Observe
7601009340444,Farmacia Sant'Anna SA,6900,Lugano,2097,Alessia,Observe,0,Alessia,2484.01,0,Observe
7601001409279,Pharmacie de Préverenges,1028,Préverenges,2032,Eléonore,Maintain,4,Eléonore,6481.190000000001,0,Maintain
7601001365384,Sun Store Prilly Malley,1008,Prilly,2035,Eléonore,Build,4,Eléonore,14262.860000000011,1,Build
7601001777606,Grande Pharmacie de Prilly-Malley SA,1008,Prilly,2035,Eléonore,Gain,4,Eléonore,6020.66,0,Gain
7601001018730,pharmacieplus de saint-étienne,1008,Prilly,2035,Eléonore,Observe,0,Eléonore,3028.430000000003,0,Observe
7601001396678,Pharmacie de Prilly SA,1008,Prilly,2035,Eléonore,Maintain,4,Eléonore,14876.869999999999,1,Maintain
7601001341258,Pharmacie de la Vallombreuse SA,1008,Prilly,2035,Eléonore,Observe,0,Eléonore,737.56,0,Observe
7601001364448,Pharmacie du Galicien SA,1008,Prilly,2035,Eléonore,Gain,4,Eléonore,3153.37,0,Gain
7601001370258,Pharmacie de Puidoux,1070,Puidoux,2047,Eléonore,Maintain,4,Eléonore,7246.35,0,Maintain
7601001360341,Sun Store Pully,1009,Pully,2046,Eléonore,Build,4,Eléonore,12069.970000000005,0,Build
7601001407718,Amavita Apotheke Breitenrain,3014,Bern,2116,Michaela,Maintain,4,Michaela,9840.110000000015,0,Maintain
7601001796874,Amavita Apotheke Binningen,4102,Binningen,2152,Michaela,Maintain,4,Michaela,6194.6300000000065,0,Maintain
7601001371712,BENU Pully,1009,Pully,2046,Eléonore,Maintain,4,Eléonore,4521.299999999999,0,Maintain
7601001398955,Pharmacie de la Clergère SA,1009,Pully,2046,Eléonore,Observe,0,Eléonore,799.06,0,Observe
7601001401624,pharmacieplus du forum sa,1260,Nyon,2027,Florence,Build,4,Florence,11162.630000000001,0,Build
7601001658387,Farmacia Santo Stefano Sagl,6862,Rancate,2093,Alessia,Observe,0,Alessia,2309.2199999999993,0,Observe
7601001394681,Drogerie Ruckstuhl Münchwilen,9542,Münchwilen TG,2225,Sarina,Maintain,4,Sarina,6258.280000000001,0,Maintain
7601001372047,Drogerie Rosengarten AG,9320,Arbon,2224,Sarina,Build,4,Sarina,5714.47,0,Build
7601001407817,Drogerie Prima Ott AG,8842,Unteriberg,2185,Sarina,Observe,0,Sarina,723.4899999999998,0,Observe
7601001842021,Drogerie P. Dobler Lachen AG,8853,Lachen,2186,Sarina,Build,5,Sarina,17764.77,1,Build
7601002999199,Drogerie Naturheilpraxis Wyss,8500,Frauenfeld,2221,Sarina,Observe,0,Sarina,4424.35,0,Observe
7601001377653,Drogerie Müllheim GmbH,8555,Müllheim Dorf,2221,Sarina,Maintain,4,Sarina,5574.4800000000005,0,Maintain
7601001019676,pharmacieplus du grand-pré,1202,Genève,2003,Florence,Maintain,4,Florence,5231.92,0,Maintain
7601001368071,Pharmacie Amavita Château-d'Oex,1660,Château-d'Oex,2051,Eléonore,Maintain,4,Eléonore,9076.670000000004,0,Maintain
7601001007048,Victoria Apotheke Bahnhofstrasse,8001,Zürich,2187,Luis,Defend,4,Luis,18028.480000000003,1,Defend
7601009268915,TopPharm Roseg Apotheke,7504,Pontresina,2240,Sarina,Maintain,2,Sarina,11427.710000000001,0,Maintain
7601001368095,pharmacieplus du mandement,1242,Satigny,2016,Florence,Build,4,Florence,9503.680000000002,0,Build
7601001380431,Drogerie Michel AG,9053,Teufen,2226,Sarina,Observe,0,Sarina,1194.8600000000001,0,Observe
7601001374768,Drogerie Solaris GmbH,6260,Reiden,2180,Michaela,Maintain,4,Michaela,8180.75,0,Maintain
7601001403871,Drogerie Heiniger GmbH,4418,Reigoldswil,2156,Michaela,Observe,0,Michaela,2504.24,0,Observe
7601001403338,Müller Handels AG Schweiz,5734,Reinach,2163,Luis,Observe,0,Luis,0.0,0,Observe
7601001355675,DROPA Drogerie Reinach,5734,Reinach,2163,Luis,Maintain,4,Luis,6722.539999999995,0,Maintain
7601001301153,Central-Apotheke,5734,Reinach,2163,Luis,Build,5,Luis,9877.25,0,Build
7601001405943,Löwen Apotheke Reinach AG,5734,Reinach,2163,Luis,Observe,0,Luis,12265.499999999998,0,Observe
7601001398184,Medbase Apotheke Allschwil,4123,Allschwil,2151,Michaela,Maintain,4,Michaela,11034.490000000005,0,Maintain
7601001340268,TopPharm Drogerie & Apotheke Parc Rom,7537,Müstair,2240,Sarina,Maintain,2,Sarina,4667.580000000001,0,Maintain
7601001322752,TopPharm Bäumlihof Apotheke,4058,Basel,2148,Michaela,Maintain,4,Michaela,7803.250000000005,0,Maintain
7601001392397,Coop Vitality Pharmacie Renens,1020,Renens,2034,Eléonore,Maintain,4,Eléonore,6828.98,0,Maintain
7601001029644,Sun Store Renens,1020,Renens,2034,Eléonore,Build,4,Eléonore,13153.470000000008,1,Build
7601001410350,PharmaSilo SA,1020,Renens,2034,Eléonore,Build,4,Eléonore,5936.1,0,Build
7601001563353,pharmacieplus de florissant,1020,Renens,2034,Eléonore,Maintain,4,Eléonore,5210.2699999999995,0,Maintain
7601001404304,Pharmacie Amavita Cheseaux,1033,Cheseaux-sur-Lausanne,2036,Eléonore,Maintain,4,Eléonore,12585.61,0,Maintain
7601001369658,Pharmacie Amavita Courtepin,1784,Courtepin,2087,Eléonore,Maintain,4,Eléonore,11431.580000000007,0,Maintain
7601001394810,Pharmacie Rose Rouge SA,1020,Renens,2034,Eléonore,Observe,0,Eléonore,1275.6699999999996,0,Observe
7601001029668,Sun Store Villeneuve,1847,Rennaz,2051,Eléonore,Build,4,Eléonore,15246.410000000003,1,Build
7601001407640,PharmaRennaz SA,1847,Rennaz,2051,Eléonore,Build,4,Eléonore,9529.23,0,Build
7601001400665,Drogerie Meer GmbH,8854,Siebnen,2186,Sarina,Observe,0,Sarina,3134.6900000000005,0,Observe
7601001018129,Park-Drogerie AG,4310,Rheinfelden,2176,Michaela,Maintain,4,Michaela,5816.290000000001,0,Maintain
7601002993494,Löwen-Apotheke,4310,Rheinfelden,2176,Michaela,Maintain,4,Michaela,4486.870000000001,0,Maintain
7601001398948,Rosenau Apotheke,4310,Rheinfelden,2176,Michaela,Build,4,Michaela,6899.170000000003,0,Build
7601001401556,TopPharm Apotheke am Spalebärg GmbH,4051,Basel,2142,Michaela,Maintain,4,Michaela,6446.399999999998,0,Maintain
7601001392168,TopPharm Hammer Apotheke,4057,Basel,2149,Michaela,Maintain,4,Michaela,4243.32,0,Maintain
7601001359437,pharmacieplus de riaz,1632,Riaz,2082,Eléonore,Build,4,Eléonore,20530.55,1,Build
7601001319523,Farmacia Sciolli,6648,Minusio,2107,Alessia,Observe,0,Alessia,2589.1899999999996,0,Observe
7601001571594,Dorfdrogerie Baumann GmbH,8805,Richterswil,2201,Luis,Maintain,4,Luis,6521.280000000001,0,Maintain
7601001411319,BENU Richterswil,8805,Richterswil,2201,Luis,Maintain,4,Luis,14281.210000000017,1,Maintain
7601001378520,Drogerie Luig,6410,Goldau,2185,Sarina,Observe,0,Sarina,5999.59,0,Observe
7601009315152,Pharmacie de Riddes Sàrl,1908,Riddes,2058,Eléonore,Observe,0,Eléonore,2818.9799999999996,0,Observe
7601001380578,Amavita Apotheke Dietikon,8953,Dietikon,2204,Luis,Maintain,4,Luis,10527.84,0,Maintain
7601001366435,Pharmacie Amavita Domdidier,1564,Domdidier,2087,Eléonore,Maintain,4,Eléonore,10490.400000000016,0,Maintain
7601001378124,St. Chrischona-Apotheke GmbH,4125,Riehen,2150,Michaela,Maintain,4,Michaela,4872.929999999999,0,Maintain
7601001402942,TopPharm CityRing Apotheke,4055,Basel,2144,Michaela,Maintain,4,Michaela,6626.540000000003,0,Maintain
7601001379879,Drogerie und Gesundheitszentrum Riesen GmbH,3132,Riggisberg,2120,Michaela,Maintain,4,Michaela,1975.1200000000003,0,Maintain
7601001242432,Farmacia Semper Fidelis,6962,Viganello,2096,Alessia,Observe,0,Alessia,3988.8400000000006,0,Observe
7601001408012,Apotheke Meyer Roggwil AG,4914,Roggwil,2131,Michaela,Build,4,Michaela,10122.62,0,Build
7601001029637,Sun Store Rolle,1180,Rolle,2029,Eléonore,Build,4,Eléonore,11271.480000000005,0,Build
7601001402621,pharmacieplus de l'île,1180,Rolle,2029,Eléonore,Maintain,4,Eléonore,9190.82,0,Maintain
7601001403246,pharmacieplus de la Harpe,1180,Rolle,2029,Eléonore,Build,4,Eléonore,7368.84,0,Build
7601001376823,Sun Store Romanel,1032,Romanel-sur-Lausanne,2035,Eléonore,Defend,4,Eléonore,25597.490000000027,1,Defend
7601001408371,Medbase Apotheke Basel Volta,4056,Basel,2143,Michaela,Maintain,4,Michaela,6681.729999999997,0,Maintain
7601001412842,pharmacieplus de romanel sa,1032,Romanel-sur-Lausanne,2035,Eléonore,Observe,0,Eléonore,2784.2999999999993,0,Observe
7601001409996,Drogerie Kerns AG,6064,Kerns,2182,Sarina,Observe,0,Sarina,2928.5299999999993,0,Observe
7601001009486,Drogerie Kaufmann,8222,Beringen,2220,Sarina,Observe,0,Sarina,5380.019999999999,0,Observe
7601001800625,Aare-Apotheke Rombach AG,5022,Rombach,2173,Luis,Gain,4,Luis,6237.68,0,Gain
7601001402478,Sun Store Romont,1680,Romont,2084,Eléonore,Build,4,Eléonore,13967.120000000008,1,Build
7601001369191,Pharmacies Frey SA,1680,Romont,2084,Eléonore,Maintain,4,Eléonore,2293.3500000000004,0,Maintain
7601001369207,Pharmacie de Belle-Croix,1680,Romont,2084,Eléonore,Defend,4,Eléonore,14470.999999999998,1,Defend
7601001375437,pharmacieplus de la tête noire,1680,Romont,2084,Eléonore,Maintain,4,Eléonore,6864.089999999999,0,Maintain
7601001394896,"Roggen Sàrl, Droguerie-Herboristerie",1680,Romont,2084,Eléonore,Observe,0,Eléonore,0.0,0,Observe
7601001708211,Root Natur Drogerie AG,6037,Root,2181,Michaela,Observe,0,Michaela,4345.38,0,Observe
7601001378933,Drogerie Kasser AG,8488,Turbenthal,2210,Sarina,Gain,4,Sarina,14256.379999999997,1,Gain
7601001025219,Drogerie Jürg Tschofen,8320,Fehraltorf,2210,Sarina,Gain,4,Sarina,8240.03,0,Gain
7601001411012,swidro naturdrogerie rothenburg gmbh,6023,Rothenburg,2180,Michaela,Build,4,Michaela,6208.4400000000005,0,Build
7601001373716,"Apotheke & Drogerie, Rothrist AG",4852,Rothrist,2159,Michaela,Defend,4,Michaela,19935.669999999995,1,Defend
7601001367500,Kreuz Drogerie AG,4852,Rothrist,2159,Michaela,Observe,0,Michaela,1168.06,0,Observe
7601001396777,Drogerie Rotkreuz GmbH,6343,Rotkreuz,2184,Luis,Defend,4,Luis,14131.02,1,Defend
7601009230448,BENU Rotkreuz Arkadenhof,6343,Rotkreuz,2184,Luis,Maintain,4,Luis,10748.440000000004,0,Maintain
7601001400481,Farmacia Signer,6855,Stabio,2093,Alessia,Observe,0,Alessia,907.36,0,Observe
7601001235595,Farmacia Solari,6900,Lugano,2097,Alessia,Observe,0,Alessia,3301.3300000000004,0,Observe
7601001028227,DROPA Drogerie Habegger,3113,Rubigen,2125,Michaela,Observe,0,Michaela,3322.0000000000005,0,Observe
7601001406940,Natur Drogerie Emmental AG,3415,Rüegsauschachen,2126,Michaela,Maintain,4,Michaela,7179.729999999998,0,Maintain
7601009049231,Amavita Apotheke Dübendorf,8600,Dübendorf,2214,Luis,Maintain,4,Luis,11378.27,0,Maintain
7601001408630,Lindenapotheke Rupperswil,5102,Rupperswil,2173,Michaela,Build,5,Luis,13412.119999999997,1,Build
7601001411579,Pill Apotheke & Drogerie Glärnisch,8803,Rüschlikon,2202,Luis,Maintain,4,Luis,4828.679999999999,0,Maintain
7601001391628,Rottal Drogerie GmbH,6017,Ruswil,2180,Michaela,Maintain,4,Michaela,4953.25,0,Maintain
7601001404700,Versandapotheke xtrapharm,8630,Rüti,2218,Luis,Observe,0,Luis,56.0,0,Observe
7601001400740,APODRO Drogerie Rüti,8630,Rüti,2218,Luis,Maintain,4,Luis,9204.15,0,Maintain
7601001375475,APODRO Apotheke Rüti,8630,Rüti,2218,Luis,Defend,4,Luis,7307.560000000003,0,Defend
7601001373181,Sternen-Apotheke z'Örlike GmbH,8050,Zürich,2196,Luis,Defend,4,Luis,17846.430000000008,1,Defend
7601001006140,Farmacia Tamaro SA,6802,Rivera,2103,Alessia,Observe,0,Alessia,3641.0899999999997,0,Observe
7601009250422,pharmacieplus du mont d'or,1337,Vallorbe,2037,Florence,Gain,4,Florence,5592.469999999999,0,Gain
7601001404052,Vallesia Apotheke GmbH,3906,Saas-Fee,2066,Eléonore,Maintain,4,Eléonore,9359.109999999999,0,Maintain
7601001402669,Saastal Apotheke GmbH,3910,Saas-Grund,2066,Eléonore,Maintain,4,Eléonore,8991.68,0,Maintain
7601007995820,Drogerie in Schaffhausen,8200,Schaffhausen,2220,Sarina,Observe,0,Sarina,1108.7299999999996,0,Observe
7601001412620,TopPharm Apotheke Rösli,3007,Bern,2114,Michaela,Maintain,4,Michaela,8980.640000000001,0,Maintain
7601001027336,pharmacieplus du mortier d'or,1201,Genève,2001,Florence,Observe,0,Florence,1006.0,0,Observe
7601001406360,Pharmacie Schoen SA,1800,Vevey,2048,Eléonore,Maintain,4,Eléonore,4401.5199999999995,0,Maintain
7601001401365,Drogerie Imlig AG,6438,Ibach,2185,Sarina,Observe,0,Sarina,465.91,0,Observe
7601001401358,Drogerie Imlig AG,6430,Schwyz,2185,Sarina,Observe,0,Sarina,3017.8900000000003,0,Observe
7601001402751,Drogerie Hermann Gais GmbH,9056,Gais,2226,Sarina,Observe,0,Sarina,912.6299999999999,0,Observe
7601001405035,Drogerie Hergiswil AG,6052,Hergiswil NW,2182,Sarina,Maintain,4,Sarina,8001.12,0,Maintain
7601001376427,Farmacia Sole,6600,Locarno,2106,Alessia,Observe,0,Alessia,5276.870000000001,0,Observe
7601001753211,Drogerie Haas AG,8500,Frauenfeld,2221,Sarina,Observe,0,Sarina,1942.8600000000001,0,Observe
7601001008823,Drogerie Stutz,5614,Sarmenstorf,2164,Luis,Observe,0,Luis,1881.6699999999996,0,Observe
7601001345508,Drogerie Gwerder,6436,Muotathal,2185,Sarina,Observe,0,Sarina,2054.16,0,Observe
7601001029354,Drogerie Dornau AG,9477,Trübbach,2232,Sarina,Build,2,Sarina,7716.540000000001,0,Build
7601001842069,Drogerie Dobler Wollerau AG,8832,Wollerau,2186,Sarina,Observe,0,Sarina,0.0,0,Observe
7601001364165,pharmacieplus du rond-point,1205,Genève,2006,Florence,Maintain,4,Florence,6698.3700000000035,0,Maintain
7601001377684,Amavita Apotheke Ebikon,6030,Ebikon,2181,Michaela,Maintain,4,Michaela,14891.700000000012,1,Maintain
7601001023314,Drogerie Bühlmann AG,6060,Sarnen,2182,Sarina,Gain,4,Sarina,13127.710000000003,1,Gain
7601001392076,Drogerie Buchs GmbH,8355,Aadorf,2225,Sarina,Gain,4,Sarina,12561.14,0,Gain
7601001393448,Farmacia Sorengo SA,6924,Sorengo,2098,Alessia,Observe,0,Alessia,5180.110000000001,0,Observe
7601001400870,Pharmacie des Sources,1907,Saxon,2058,Eléonore,Observe,0,Eléonore,73.44,0,Observe
7601009346194,Pharmacie de Saxon,1907,Saxon,2058,Eléonore,Observe,0,Eléonore,2602.2599999999998,0,Observe
7601001230057,Pharmacie de la Gare,1907,Saxon,2058,Eléonore,Maintain,4,Eléonore,10288.309999999998,0,Maintain
7601001576148,Drogerie Brunnschweiler GmbH,8266,Steckborn,2221,Sarina,Observe,0,Sarina,2944.3,0,Observe
7601001365667,Drogerie Bohl Heiden,9410,Heiden,2226,Sarina,Maintain,4,Sarina,5819.150000000001,0,Maintain
7601001282971,Drogerie Bohl Flawil,9230,Flawil,2229,Sarina,Maintain,4,Sarina,117.00999999999999,0,Maintain
7601001370180,Drogerie B. Flükiger AG,8340,Hinwil,2210,Sarina,Build,4,Sarina,4696.3099999999995,0,Build
7601001793163,Drogerie Andermatt AG,6490,Andermatt,2182,Sarina,Gain,4,Sarina,3126.52,0,Gain
7601001399617,Drogerie Ambauen GmbH,6375,Beckenried,2182,Sarina,Observe,0,Sarina,2972.9700000000003,0,Observe
7601001410664,Drogerie am Rhy,8260,Stein am Rhein,2221,Sarina,Observe,0,Sarina,2192.77,0,Observe
7601001355606,Drogerie am Martinsplatz AG,7001,Chur,2236,Sarina,Observe,0,Sarina,2368.1399999999994,0,Observe
7601001976146,Drogerie am Gleis,9601,Lütisburg Station,2230,Sarina,Gain,4,Sarina,155.81,0,Gain
7601001378551,Drogaria Zysset AG,7503,Samedan,2240,Sarina,Maintain,2,Sarina,6862.12,0,Maintain
7601001357488,Drogaria Surses,7460,Savognin,2239,Sarina,Observe,0,Sarina,2811.17,0,Observe
7601001997707,Drogaria Stadler AG,7550,Scuol,2240,Sarina,Observe,0,Sarina,2519.33,0,Observe
7601001013360,Drogerie Trippel,6214,Schenkon,2180,Michaela,Build,4,Michaela,14880.61,1,Build
7601001367746,Lochergut Apotheke Drogerie GmbH,8004,Zürich,2192,Luis,Defend,4,Luis,20618.74000000001,1,Defend
7601001020689,TopPharm Apotheke Drogerie Birmensdorf,8903,Birmensdorf,2204,Luis,Maintain,4,Luis,15328.170000000002,1,Maintain
7601001380073,Falken Rotpunkt Apotheke AG,8052,Zürich,2195,Luis,Defend,4,Luis,20279.740000000005,1,Defend
7601001402140,Dr. Andres Apotheke Stadelhofen AG,8001,Zürich,2187,Luis,Defend,4,Luis,37989.66000000001,1,Defend
7601001392984,Apotheke zur Bleiche,8002,Zürich,2188,Luis,Defend,4,Luis,24586.64,1,Defend
7601001366664,Pilgerbrunnen Rotpunkt Apotheke AG,8004,Zürich,2192,Luis,Defend,4,Luis,21025.94000000001,1,Defend
7601001404045,Dorf-Drogerie Davos GmbH,7260,Davos Dorf,2239,Sarina,Observe,0,Sarina,861.4599999999999,0,Observe
7601001020665,pharmacieplus du rondeau SA,1227,Carouge,2012,Florence,Maintain,4,Florence,8315.63,0,Maintain
7601001391734,Lindenapotheke und Drogerie Schöftland im Park,5040,Schöftland,2161,Michaela,Build,5,Luis,12580.409999999998,0,Build
7601001383524,Lindenapotheke Schöftland im Zentrum,5040,Schöftland,2161,Michaela,Build,5,Luis,14513.650000000003,1,Build
7601001408388,Medbase Apotheke Basel Vogesen,4056,Basel,2143,Michaela,Maintain,4,Michaela,7165.960000000003,0,Maintain
7601001918313,Müller Handels AG Schweiz,3321,Schönbühl,2128,Michaela,Observe,0,Michaela,0.0,0,Observe
7601009238598,Pharmacie & Droguerie Amavita Tavannes,2710,Tavannes,2136,Florence,Maintain,4,Florence,9405.290000000003,0,Maintain
7601001807211,Moossee Naturgesund GmbH,3321,Schönbühl Einkaufszentrum,2128,Michaela,Observe,0,Michaela,0.0,0,Observe
7601009343827,Apotheke im Gärtnerhaus AG,5012,Schönenwerd,2141,Michaela,Maintain,4,Michaela,14572.049999999992,1,Maintain
7601001017672,Drogerie Krähenbühl AG,5012,Schönenwerd,2141,Michaela,Observe,0,Michaela,0.0,0,Observe
7601001013490,Drogerie Schuler AG,6247,Schötz,2180,Michaela,Maintain,4,Michaela,12816.580000000002,0,Maintain
7601001368958,Apotheke zum Meierhof AG,8049,Zürich,2194,Luis,Defend,4,Luis,8580.109999999999,0,Defend
7601001376779,pharmacieplus du sentier,1347,Le Sentier,2037,Florence,Maintain,4,Florence,8979.46,0,Maintain
7601001406735,Drogerie Schmidlin AG,6170,Schüpfheim,2179,Michaela,Observe,0,Michaela,6365.339999999999,0,Observe
7601001411241,Dorf Drogerie Ettlin GmbH,6472,Erstfeld,2182,Sarina,Maintain,4,Sarina,5559.000000000003,0,Maintain
7601001403376,Schwarzwasser-Apotheke AG,3150,Schwarzenburg,2120,Michaela,Maintain,4,Michaela,6548.860000000001,0,Maintain
7601001370517,swidro drogerie schwarzenburg gmbh,3150,Schwarzenburg,2120,Michaela,Build,4,Michaela,9983.46,0,Build
7601001395114,Victoria Pharmaworld AG,8603,Schwerzenbach,2215,Luis,Observe,0,Luis,790.91,0,Observe
7601001895768,BENU Schwerzenbach,8603,Schwerzenbach,2215,Luis,Build,5,Luis,5259.799999999999,0,Build
7601001402386,Coop Vitality Apotheke Weinfelden,8570,Weinfelden,2225,Sarina,Build,4,Sarina,18935.27000000001,1,Build
7610840000011,Coop Vitality Apotheke St.Gallen Neumarkt,9000,St. Gallen,2227,Sarina,Build,4,Sarina,22996.970000000038,1,Build
7601001408678,Coop Vitality Apotheke Shopping Arena,9015,St. Gallen,2229,Sarina,Build,4,Sarina,15048.680000000038,1,Build
7601001372009,Coop Vitality Apotheke Seewen,6423,Seewen,2185,Sarina,Defend,4,Sarina,17483.100000000017,1,Defend
7601007997923,TopPharm Stern Apotheke,9000,St. Gallen,2227,Sarina,Maintain,4,Sarina,5554.43,0,Maintain
7601001404953,Coop Vitality Apotheke Rorschach,9400,Rorschach,2228,Sarina,Defend,4,Sarina,23171.870000000064,1,Defend
7601001396760,Pharmacie du Grand-Saint-Bernard,1933,Sembrancher,2057,Eléonore,Observe,0,Eléonore,379.24000000000007,0,Observe
7601001403031,Pharmacie des Dranses SA,1933,Sembrancher,2057,Eléonore,Maintain,4,Eléonore,8434.71,0,Maintain
7601001353541,Farmacia Internazionale di Ponte Tresa SA,6988,Ponte Tresa,2099,Alessia,Observe,0,Alessia,2293.9799999999996,0,Observe
7601001030114,Farmacia Stazione Mendrisio SA,6850,Mendrisio,2093,Alessia,Observe,0,Alessia,3194.8799999999997,0,Observe
7601001015463,Apotheke-Drogerie Faden AG,6204,Sempach-Stadt,2180,Michaela,Build,4,Michaela,12060.67,0,Build
7601001024878,Drogerie Wenger,5703,Seon,2162,Luis,Observe,0,Luis,1325.1999999999998,0,Observe
7601001027428,Zentrum-Apotheke AG Seon,5703,Seon,2162,Luis,Maintain,4,Luis,4643.530000000001,0,Maintain
7601001370265,Im Brühl Rotpunkt Apotheke AG,8049,Zürich,2194,Luis,Defend,4,Luis,18461.439999999995,1,Defend
7601001252790,Farmacia Stella SA,6900,Lugano,2097,Alessia,Observe,0,Alessia,2345.9399999999987,0,Observe
7601001010284,Farmacia Stevenoni SA,6900,Lugano,2097,Alessia,Observe,0,Alessia,0.0,0,Observe
7601001407558,Apotheke Seuzach AG,8472,Seuzach,2208,Luis,Build,5,Luis,10576.119999999999,0,Build
7601001379268,Coop Vitality Apotheke Rickenbach,9532,Rickenbach b. Wil,2225,Sarina,Defend,4,Sarina,24685.860000000066,1,Defend
7601001378773,Coop Vitality Apotheke Karussell Kreuzlingen,8280,Kreuzlingen,2223,Sarina,Build,4,Sarina,19894.61000000004,1,Build
7601001394735,Coop Vitality Apotheke Jona,8645,Jona,2231,Sarina,Gain,4,Sarina,13842.94000000001,1,Gain
7601001377707,Coop Vitality Pharmacie Sierre,3960,Sierre,2065,Eléonore,Build,4,Eléonore,12968.780000000004,0,Build
7601001377646,Sun Store Sierre Rossfeld,3960,Sierre,2065,Eléonore,Maintain,4,Eléonore,7121.930000000001,0,Maintain
7601001025479,Sun Store Sierre Manor,3960,Sierre,2065,Eléonore,Build,4,Eléonore,17288.640000000025,1,Build
7601001395732,Pharmacie Cina SA,3960,Sierre,2065,Eléonore,Maintain,4,Eléonore,4944.669999999997,0,Maintain
7601001408135,Pharmacie Beytrison SA,3960,Sierre,2065,Eléonore,Observe,0,Eléonore,2889.199999999998,0,Observe
7601001023963,Consultant-santé.ch,3960,Sierre,2065,Eléonore,Observe,0,Eléonore,0.0,0,Observe
7601001326378,Pharmacie Amavita Acacias,1227,Les Acacias,2012,Florence,Maintain,4,Florence,3451.3600000000033,0,Maintain
7601001020771,Pharmacie Amavita Chantepoulet,1201,Genève,2001,Florence,Maintain,4,Florence,4472.230000000005,0,Maintain
7601001372061,BENU Sierre,3960,Sierre,2065,Eléonore,Build,4,Eléonore,13264.690000000011,1,Build
7601001409040,Droguerie Sierroise Sàrl,3960,Sierre,2065,Eléonore,Observe,0,Eléonore,0.0,0,Observe
7601001405417,Droguerie Beaulieu Sàrl,3960,Sierre,2065,Eléonore,Observe,0,Eléonore,0.0,0,Observe
7601001393820,pharmacieplus du val-de-ruz SA,2052,Fontainemelon,2076,Florence,Maintain,4,Florence,4367.379999999999,0,Maintain
7601001019638,Pedro-Drogerie Sigriswil,3655,Sigriswil,2124,Michaela,Observe,0,Michaela,199.67000000000002,0,Observe
7601001403352,Apotheke Sins AG,5643,Sins,2165,Luis,Defend,4,Luis,12070.02,0,Defend
7601001012837,Sun Store Sion Midi,1950,Sion,2061,Eléonore,Build,4,Eléonore,9688.650000000001,0,Build
7601001025486,Sun Store Sion Metropole,1950,Sion,2061,Eléonore,Build,4,Eléonore,14908.870000000017,1,Build
7601001379244,Sun Store Sion Gare CFF,1950,Sion,2061,Eléonore,Defend,4,Eléonore,19975.59000000003,1,Defend
7601001928657,Pharmacie D. Machoud Sàrl,1950,Sion,2061,Eléonore,Build,4,Eléonore,6983.650000000001,0,Build
7601001378575,Müller Handels AG Schweiz,1950,Sion,2061,Eléonore,Observe,0,Eléonore,0.0,0,Observe
7601001366459,Pharmacie Amavita Cité-Jonction,1205,Genève,2006,Florence,Maintain,4,Florence,4419.380000000001,0,Maintain
7601001377806,BENU Sion Tourbillon,1950,Sion,2061,Eléonore,Defend,4,Eléonore,22213.93000000003,1,Defend
7601001371408,BENU Sion Midi,1950,Sion,2061,Eléonore,Observe,0,Eléonore,2003.8999999999999,0,Observe
7601001019690,Droguerie de Valère Sàrl,1950,Sion,2061,Eléonore,Observe,0,Eléonore,0.0,0,Observe
7601001007659,Pharmacie Gindre,1950,Sion,2061,Eléonore,Maintain,4,Eléonore,9444.38,0,Maintain
7601001322110,Pharmacie Fasmeyer,1950,Sion,2061,Eléonore,Observe,0,Eléonore,1578.3699999999992,0,Observe
7601001742710,Pharmacie de Vissigen SA,1950,Sion,2061,Eléonore,Maintain,4,Eléonore,5877.179999999997,0,Maintain
7601001371996,Pharmacie du Midi Sion SA,1950,Sion,2061,Eléonore,Maintain,4,Eléonore,8510.07,0,Maintain
7601001692374,Pharmacie De Quay Sàrl,1950,Sion,2061,Eléonore,Observe,0,Eléonore,0.0,0,Observe
7601001351042,Pharmacie Berger,1950,Sion,2061,Eléonore,Observe,0,Eléonore,0.0,0,Observe
7601001026452,Pharmacie 2000,1950,Sion,2061,Eléonore,Observe,0,Eléonore,0.0,0,Observe
7601009320125,Coop Vitality Pharmacie Sion,1950,Sion,2061,Eléonore,Gain,4,Eléonore,2508.139999999999,0,Gain
7601001398399,Coop Vitality Apotheke Haag,9469,Haag,2233,Sarina,Build,4,Sarina,17990.53000000001,1,Build
7601001395657,"Central Apotheke, Sissach",4450,Sissach,2156,Michaela,Maintain,4,Michaela,7927.179999999999,0,Maintain
7601009104459,Lindenapotheke Sissach,4450,Sissach,2156,Michaela,Build,4,Michaela,15653.640000000001,1,Build
7601001395022,Strichcode Apotheke AG,4450,Sissach,2156,Michaela,Maintain,4,Michaela,9118.420000000002,0,Maintain
7601001401754,Natürlich Berger,4450,Sissach,2156,Michaela,Maintain,4,Michaela,5195.189999999999,0,Maintain
7601001409910,Drogerie Nagel AG,4500,Solothurn,2138,Michaela,Observe,0,Michaela,5413.6,0,Observe
7601001595262,DROPA Drogerie Solothurn AG,4500,Solothurn,2138,Michaela,Maintain,4,Michaela,6007.619999999998,0,Maintain
7601001988590,Apotheke Zur Rose Basel Claramarkt,4058,Basel,2148,Michaela,Maintain,4,Michaela,7319.600000000011,0,Maintain
7601001358539,Müller Handels AG Schweiz,4500,Solothurn,2138,Michaela,Observe,0,Michaela,0.0,0,Observe
7601001328891,Kräuterhaus-Drogerie Zeller AG,4500,Solothurn,2138,Michaela,Observe,0,Michaela,2463.04,0,Observe
7601001026414,"Dorfplatz-Apotheke AG, Studen",2557,Studen,2133,Florence,Maintain,4,Florence,14275.700000000004,1,Maintain
7601001367180,Ambassador-Apotheke AG,4500,Solothurn,2138,Michaela,Maintain,4,Michaela,19427.19,1,Maintain
7601001377042,Farmacia Quisisana SA,6883,Novazzano,2092,Alessia,Observe,0,Alessia,1619.1599999999999,0,Observe
7601001392403,Coop Vitality Apotheke Gossau,9200,Gossau,2229,Sarina,Gain,4,Sarina,11979.800000000007,0,Gain
7601001401495,pharmacieplus du val-de-travers sa,2108,Couvet,2073,Florence,Maintain,4,Florence,8560.64,0,Maintain
7601001400160,pharmacieplus du vallon SA,2610,St. Imier,2137,Florence,Maintain,4,Florence,4605.610000000001,0,Maintain
7601001256149,pharmacieplus du versoix,2300,La Chaux-de-Fonds,2075,Florence,Maintain,4,Florence,7894.45,0,Maintain
7601001988606,Apotheke Zur Rose Bern Marktgasse,3011,Bern,2113,Michaela,Maintain,4,Michaela,11481.880000000012,0,Maintain
7601001392434,Müller Handels AG Schweiz,8957,Spreitenbach,2167,Luis,Observe,0,Luis,0.0,0,Observe
7612096835089,Manor AG - Spreitenbach,8957,Spreitenbach,2167,Luis,Observe,0,Luis,0.0,0,Observe
7601001407596,Pharmacie Amavita Delémont,2800,Delémont,2080,Florence,Maintain,4,Florence,2954.6799999999994,0,Maintain
7601001395633,Apotheke Altstetten 1,8048,Zürich,2193,Luis,Defend,4,Luis,16731.89,1,Defend
7601001014671,Farmacia Teatro,6500,Bellinzona,2109,Alessia,Observe,0,Alessia,4269.240000000001,0,Observe
7601001005297,pharmacieplus franches-montagnes sa,2350,Saignelégier,2078,Florence,Build,4,Florence,11242.470000000003,0,Build
7601009405822,Pharmacie Salzmann - GaleniCare SA,2735,Malleray-Bévilard,2136,Florence,Build,4,Florence,0.0,0,Build
7601001393301,Coop Vitality Apotheke Frauenfeld,8500,Frauenfeld,2221,Sarina,Defend,4,Sarina,27885.030000000057,1,Defend
7601001405257,Coop Vitality Apotheke Flims,7017,Flims Dorf,2237,Sarina,Build,4,Sarina,13362.320000000007,1,Build
7601001410411,Coop Vitality Apotheke Chur Quader,7000,Chur,2236,Sarina,Gain,4,Sarina,11872.419999999998,0,Gain
7601001393936,Coop Vitality Apotheke Chur,7000,Chur,2236,Sarina,Build,4,Sarina,18640.94000000001,1,Build
7601001404564,City Apotheke Drogerie,8580,Amriswil,2224,Sarina,Defend,4,Sarina,21338.66,1,Defend
7601001020924,Chrüter-Drogerie Egger,8200,Schaffhausen,2220,Sarina,Observe,0,Sarina,340.34999999999997,0,Observe
7601001411531,Chläggi Drogerie,8213,Neunkirch,2220,Sarina,Maintain,4,Sarina,6636.790000000001,0,Maintain
7601001310032,Centrum Drogerie AG,9492,Eschen,2232,Sarina,Build,4,Sarina,7323.4800000000005,0,Build
7601001314719,Central Apotheke Amriswil,8580,Amriswil,2224,Sarina,Build,4,Sarina,17261.36999999999,1,Build
7601001409118,Campus Apotheke,8596,Münsterlingen,2223,Sarina,Observe,0,Sarina,3051.7700000000004,0,Observe
7601001401211,Burgerstein Apotheke AG,8832,Wollerau,2186,Sarina,Observe,0,Sarina,0.0,0,Observe
7601001398023,Albis-Apotheke GmbH,8047,Zürich,2190,Luis,Defend,4,Luis,12483.360000000002,0,Defend
7601001788480,BENU Pfäffikon Seedamm-Center,8808,Pfäffikon,2186,Sarina,Gain,4,Sarina,26055.510000000006,1,Gain
7601001411616,BENU Landquart,7302,Landquart,2238,Sarina,Gain,4,Sarina,11804.229999999992,0,Gain
7601001400405,BENU Goldach,9403,Goldach,2228,Sarina,Maintain,4,Sarina,12249.89,0,Maintain
7601001411609,BENU Chur,7000,Chur,2236,Sarina,Maintain,4,Sarina,7974.700000000002,0,Maintain
7601001373341,Zentral-Apotheke Neuhausen AG,8212,Neuhausen,2220,Sarina,Gain,4,Sarina,8981.510000000002,0,Gain
7601002996563,Bahnhof-Drogerie (Amriswil) GmbH,8580,Amriswil,2224,Sarina,Maintain,4,Sarina,3966.4500000000007,0,Maintain
7601001395862,Stadt-Apotheke Alder AG,8253,Diessenhofen,2221,Sarina,Gain,4,Sarina,11257.170000000006,0,Gain
7601001375185,Löwen Rotpunkt Apotheke AG,9500,Wil,2230,Sarina,Gain,4,Sarina,15263.410000000002,1,Gain
7601001021815,Bahnhof Apotheke AG Wetzikon,8620,Wetzikon,2210,Sarina,Gain,4,Sarina,11077.599999999997,0,Gain
7601001324213,Athena Drogerie Marco Schläpfer,9402,Mörschwil,2228,Sarina,Observe,0,Sarina,0.0,0,Observe
7601001005631,pharmacieplus schneeberger,2720,Tramelan,2137,Florence,Maintain,4,Florence,3088.3399999999997,0,Maintain
7601001328167,Apotheke-Drogerie Aemisegger AG,8570,Weinfelden,2225,Sarina,Gain,4,Sarina,16020.630000000003,1,Gain
7601001333857,Apotheke zur Taube,6403,Küssnacht am Rigi,2185,Sarina,Observe,0,Sarina,2904.1199999999994,0,Observe
7601001396654,Apotheke zur Sonne GmbH,9444,Diepoldsau,2233,Sarina,Maintain,4,Sarina,9258.240000000002,0,Maintain
7601001026698,"Apotheke Zur Rose, Steckborn",8266,Steckborn,2221,Sarina,Maintain,4,Sarina,3225.41,0,Maintain
7601001009387,Apotheke zur Eiche AG,9100,Herisau,2226,Sarina,Build,4,Sarina,8892.96,0,Build
7601001399662,Apotheke Gruber AG,3924,St. Niklaus,2067,Eléonore,Maintain,4,Eléonore,6356.609999999999,0,Maintain
7601001393233,Pharmacie de Savièse Sàrl,1965,St.-Germain (Savièse),2060,Eléonore,Build,4,Eléonore,9671.42,0,Build
7601001404021,Pharmacie du Stade,1965,St.-Germain Savièse,2060,Eléonore,Observe,0,Eléonore,3594.8900000000003,0,Observe
7601001394933,pharmacieplus de st-maurice sa,1890,St.-Maurice,2054,Eléonore,Maintain,4,Eléonore,4700.05,0,Maintain
7601001057241,Pharmacie de la Gare,1890,St.-Maurice,2054,Eléonore,Maintain,4,Eléonore,8332.35,0,Maintain
7601001398368,Farmacia Lafranchi SA,6600,Locarno,2106,Alessia,Observe,0,Alessia,2286.25,0,Observe
7601001026865,Farmacia Torre SA,6900,Lugano,2097,Alessia,Observe,0,Alessia,3457.899999999999,0,Observe
7601001401303,Farmacia Trevano,6900,Lugano,2097,Alessia,Observe,0,Alessia,2514.4899999999993,0,Observe
7601001397361,DROPA Drogerie Apotheke Stäfa,8712,Stäfa,2217,Luis,Build,5,Luis,21735.01,1,Build
7601001375208,Apotheke zum Rebstock AG,8712,Stäfa,2217,Luis,Observe,0,Luis,1852.7399999999996,0,Observe
7601001404472,TopPharm Apotheke & Drogerie Erlinsbach AG,5018,Erlinsbach,2173,Luis,Maintain,4,Luis,12807.889999999998,0,Maintain
7601001409934,Apotheke Region Stalden GmbH,3922,Stalden,2066,Eléonore,Observe,0,Eléonore,3663.5699999999997,0,Observe
7601001413221,Apotheke zum Schwefelbad AG,7320,Sargans,2232,Sarina,Build,4,Sarina,10846.559999999998,0,Build
7601001367586,Apotheke zum Mohrenkönig AG,8260,Stein am Rhein,2221,Sarina,Maintain,4,Sarina,9187.519999999999,0,Maintain
7601001408180,Apotheke Roter Ochsen AG,8200,Schaffhausen,2220,Sarina,Maintain,4,Sarina,8263.660000000002,0,Maintain
7601001865709,Hofmatt Apotheke AG,6430,Schwyz,2185,Sarina,Gain,4,Sarina,10560.89,0,Gain
7601001379640,Müller Handels AG Schweiz,5603,Staufen,2162,Luis,Observe,0,Luis,0.0,0,Observe
7601001408074,PharmaCorcelles SA,1562,Corcelles-près-Payerne,2042,Florence,Maintain,4,Florence,3097.72,0,Maintain
7601001392090,Bahnhofpärkli Rotpunkt Apotheke AG,9000,St. Gallen,2227,Sarina,Gain,4,Sarina,10076.12,0,Gain
7601001409958,Apotheke im Spital,8750,Glarus,2231,Sarina,Gain,4,Sarina,3403.0099999999998,0,Gain
7601001380257,PharmaGranges S.A.,1523,Granges-Près-Marnand,2041,Florence,Maintain,4,Florence,12123.359999999999,0,Maintain
7601001400030,PP Pharmacie Principale SA,1201,Genève,2001,Florence,Build,4,Florence,6787.06,0,Build
7601001365766,DROPA Drogerie Apotheke,3612,Steffisburg,2124,Michaela,Build,4,Michaela,27395.66999999999,1,Build
7601007999170,Apotheke in Gossau AG,9200,Gossau,2229,Sarina,Gain,4,Sarina,10480.82,0,Gain
7601001007109,Apotheke Frey AG,9410,Heiden,2226,Sarina,Gain,4,Sarina,7853.670000000001,0,Gain
7601001374379,Apotheke Bad Ragaz,7310,Bad Ragaz,2232,Sarina,Gain,4,Sarina,11319.65,0,Gain
7601001394100,UrsDrogerie Apotheke mit Biolade,6312,Steinhausen,2184,Luis,Build,5,Luis,13287.140000000007,1,Build
7601001014275,Apotheke-Drogerie-Parfümerie Moll,6312,Steinhausen,2184,Luis,Defend,4,Luis,26488.799999999992,1,Defend
7601001012974,PP Pharmacie Principale SA,1204,Genève,2005,Florence,Build,4,Florence,12713.119999999999,0,Build
7601001013001,PP Pharmacie Principale SA,1207,Genève,2004,Florence,Maintain,4,Florence,14904.110000000002,1,Maintain
7601001023871,pharmacieplus de saint-légier-la chiésaz,1806,St-Légier-La Chiésaz,2047,Eléonore,Build,4,Eléonore,11328.240000000002,0,Build
7601001005266,Pharmacie de St-Prex SA,1162,St-Prex,2029,Eléonore,Defend,5,Eléonore,11425.440000000002,0,Defend
7601001400436,TopPharm Glattpark Apotheke,8152,Glattpark (Opfikon),2213,Luis,Maintain,4,Luis,11053.370000000004,0,Maintain
7601001015746,Pharmacie de St. Sulpice,1025,St-Sulpice,2033,Eléonore,Build,4,Eléonore,6980.37,0,Build
7601001379176,PP Pharmacie Principale SA,1222,Vésenaz,2009,Florence,Build,4,Florence,15210.399999999994,1,Build
7601001409101,PP Pharmacie Principale SA,1207,Genève,2004,Florence,Build,4,Florence,16742.250000000004,1,Build
7601001405424,Lindenapotheke Suhre Park,5034,Suhr,2158,Michaela,Build,4,Michaela,8241.130000000005,0,Build
7601001408579,Lindenapotheke Suhr am Bach,5034,Suhr,2158,Michaela,Maintain,4,Michaela,8048.740000000001,0,Maintain
7601001408708,Lindenapotheke Suhr im Feld,5034,Suhr,2158,Michaela,Gain,4,Michaela,5470.03,0,Gain
7601001393158,Naturadrogerie Suhr,5034,Suhr,2158,Michaela,Observe,0,Michaela,725.9399999999999,0,Observe
7601001407466,Mardel Rotpunkt Apotheke AG,5417,Untersiggenthal,2170,Luis,Gain,4,Michaela,12903.029999999995,0,Gain
7601001392298,Apotheke Sumiswald GmbH,3454,Sumiswald,2130,Michaela,Build,4,Michaela,10674.630000000005,0,Build
7601009205101,Alchemilla Drogerie Schär GmbH,3454,Sumiswald,2130,Michaela,Maintain,4,Michaela,4787.68,0,Maintain
7601001357518,Drogerie Wyss AG Sursee,6210,Sursee,2180,Michaela,Maintain,4,Michaela,13791.48,1,Maintain
7601009073045,Eulenapotheke Neuhegi GmbH,8404,Winterthur,2208,Luis,Gain,4,Luis,4851.259999999999,0,Gain
7601001402690,TopPharm See-Apotheke,8708,Männedorf,2217,Luis,Maintain,4,Luis,14232.4,1,Maintain
7601001401006,Susten Apotheke AG,3952,Susten,2066,Eléonore,Build,4,Eléonore,18735.72,1,Build
7601001013032,PP Pharmacie Principale SA,1279,Chavannes-de-Bogis,2026,Florence,Build,4,Florence,16077.430000000002,1,Build
7601001010901,Apotheke Herblingermarkt AG,8207,Schaffhausen,2220,Sarina,Defend,4,Sarina,37550.17999999994,1,Defend
7601001368200,PP Pharmacie Principale SA,1212,Carouge,2014,Florence,Build,4,Florence,16947.63,1,Build
7601001013025,PP Pharmacie Principale SA,1215,Genève 15 Aéroport,2018,Florence,Build,4,Florence,28448.989999999994,1,Build
7601001405097,Farmacia Moderna,6830,Chiasso,2090,Alessia,Observe,0,Alessia,1366.74,0,Observe
7601001019249,Farmacia Victoria SA,6900,Lugano,2097,Alessia,Observe,0,Alessia,1887.7799999999997,0,Observe
7601001024731,Farmacia Visagno SA,6702,Claro,2110,Alessia,Observe,0,Alessia,4881.699999999999,0,Observe
7601001406681,Farmacia Zanini SA,6855,Stabio,2093,Alessia,Observe,0,Alessia,3728.7499999999995,0,Observe
7601001410800,Farmacia Zeta,6807,Taverne,2102,Alessia,Observe,0,Alessia,1553.8099999999997,0,Observe
7601001023437,Farmacia Zintgraff SA,6600,Locarno,2106,Alessia,Observe,0,Alessia,4151.989999999999,0,Observe
7601001563315,Farmaempatia,6900,Lugano,2097,Alessia,Observe,0,Alessia,1071.9600000000003,0,Observe
7601009134531,Forch Apotheke Zollikerberg AG,8125,Zollikerberg,2216,Luis,Gain,4,Luis,6572.959999999998,0,Gain
7601001572065,City-Apotheke zur Sihlporte AG,8001,Zürich,2187,Luis,Gain,4,Luis,9853.320000000002,0,Gain
7601001401778,Apotheke Drogerie Kempten,8623,Wetzikon,2210,Sarina,Build,4,Sarina,15356.320000000002,1,Build
7601009395512,Victoria Apotheke Löwenplatz,8001,Zürich,2187,Luis,Gain,4,Luis,1411.6899999999998,0,Gain
7601001395541,Coop Vitality Apotheke Thalwil,8800,Thalwil,2202,Luis,Maintain,4,Luis,13883.920000000007,1,Maintain
7601001374133,Apotheke-Drogerie Hirsig GmbH,8800,Thalwil,2202,Luis,Build,5,Luis,16327.979999999996,1,Build
7601001016477,Drogerie Schnellmann AG,8800,Thalwil,2202,Luis,Maintain,4,Luis,3388.67,0,Maintain
7601001403260,Apotheke Dr. Kunz Baden,5400,Baden,2168,Luis,Maintain,4,Luis,8554.819999999998,0,Maintain
7601001392274,Leimen-Apotheke AG,4106,Therwil,2153,Michaela,Maintain,4,Michaela,14715.2,1,Maintain
7601001372863,Dorf Drogerie Eichenberger GmbH,4106,Therwil,2153,Michaela,Observe,0,Michaela,3703.979999999999,0,Observe
7601001012981,PP Pharmacie Principale SA,1209,Genève,2003,Florence,Build,4,Florence,37050.62,1,Build
7601001236059,Proximos SA,1227,Carouge,2012,Florence,Observe,0,Florence,0.0,0,Observe
7601001995734,Roggen-Le Brun Sàrl,1470,Estavayer-le-Lac,2041,Florence,Observe,0,Florence,0.0,0,Observe
7601001392007,Schloss Apotheke Nidau AG,2560,Nidau,2133,Florence,Maintain,4,Florence,7014.0,0,Maintain
7601001410589,Simmental-Apotheke GmbH,3770,Zweisimmen,2122,Florence,Observe,0,Florence,3504.109999999999,0,Observe
7601001368026,DROPA Drogerie Apotheke Thun,3604,Thun,2120,Michaela,Build,4,Michaela,24177.56999999998,1,Build
7601001365346,Apotheke Drogerie Strättligen AG,3604,Thun,2120,Michaela,Build,4,Michaela,24489.529999999995,1,Build
7601001790063,Pharmacie Medbase Châtel-St-Denis,1618,Châtel-St-Denis,2081,Eléonore,Maintain,4,Eléonore,11553.549999999994,0,Maintain
7601001393608,Müller Handels AG Schweiz,3604,Thun,2120,Michaela,Observe,0,Michaela,0.0,0,Observe
7601001402058,Müller Handels AG Schweiz,3600,Thun,2121,Michaela,Observe,0,Michaela,0.0,0,Observe
7601001374867,Pharmacie Amavita Gare,1260,Nyon,2027,Florence,Maintain,4,Florence,4035.6800000000003,0,Maintain
7601001366176,Pharmacie Amavita La Broye,1530,Payerne,2042,Florence,Maintain,4,Florence,4375.750000000002,0,Maintain
7601001345515,Central Apotheke Thun AG,3600,Thun,2121,Michaela,Build,4,Michaela,17015.24,1,Build
7601001631793,Schönau Drogerie,3600,Thun,2121,Michaela,Observe,0,Michaela,4146.099999999999,0,Observe
7601001399358,Schlossapotheke Thun AG,3600,Thun,2121,Michaela,Maintain,4,Michaela,5137.25,0,Maintain
7601001400047,TopPharm Hallwilersee Apotheke AG,5616,Meisterschwanden,2164,Luis,Maintain,4,Luis,8095.8099999999995,0,Maintain
7601001374980,Bahnhof Apotheken Thun AG,3600,Thun,2121,Michaela,Build,4,Michaela,8856.740000000002,0,Build
7601001375680,Zähringer Apotheke Thun AG,3600,Thun,2121,Michaela,Observe,0,Michaela,4423.510000000003,0,Observe
7601001006812,Rosen Apotheke AG,4054,Basel,2145,Michaela,Maintain,4,Michaela,14464.37,1,Maintain
7601001375765,Apotheke Dr. Hörmann AG,8570,Weinfelden,2225,Sarina,Gain,4,Sarina,10271.879999999996,0,Gain
7601001993051,Apotheke Dr. Bruhin AG,8853,Lachen,2186,Sarina,Gain,4,Sarina,11697.309999999998,0,Gain
7601001017511,Stedtli Apotheke Drogerie AG,3800,Unterseen,2123,Florence,Defend,4,Florence,10828.6,0,Defend
7601001371170,Sun Store Avenches,1580,Avenches,2041,Florence,Build,4,Florence,19913.400000000034,1,Build
7601001369887,Sun Store Bassecourt,2854,Bassecourt,2078,Florence,Build,4,Florence,9276.59000000001,0,Build
7601001394674,DROPA Drogerie Triengen AG,6234,Triengen,2180,Michaela,Maintain,4,Michaela,5498.51,0,Maintain
7601001376748,Greifen-Apotheke GmbH,4058,Basel,2148,Michaela,Maintain,4,Michaela,10756.81,0,Maintain
7601001372825,Complemedis AG,4632,Trimbach,2141,Michaela,Observe,0,Michaela,0.0,0,Observe
7601001964723,Müller Handels AG Schweiz,4632,Trimbach,2141,Michaela,Observe,0,Michaela,0.0,0,Observe
7601001408272,Apotheke-Drogerie Kurz AG,4632,Trimbach,2141,Michaela,Maintain,4,Michaela,14256.510000000002,1,Maintain
7601001024588,pharmacieplus de troistorrents,1872,Troistorrents,2054,Eléonore,Observe,0,Eléonore,3987.17,0,Observe
7601009119514,Apotheke an der Langgasse GmbH,9008,St. Gallen,2229,Sarina,Maintain,4,Sarina,3478.0300000000016,0,Maintain
7601001401228,Apotheke am St. Martins-Ring AG,9492,Eschen,2232,Sarina,Build,4,Sarina,12296.029999999999,0,Build
7601001408531,Drogerie Zumsteg AG,5300,Turgi,2170,Michaela,Observe,0,Michaela,2678.95,0,Observe
7601001368040,DROPA Drogerie Apotheke Uetendorf,3661,Uetendorf,2120,Michaela,Build,4,Michaela,18881.699999999986,1,Build
7601001367111,Riedsteg Apotheke Drogerie AG,8707,Uetikon am See,2217,Luis,Gain,4,Luis,8086.300000000003,0,Gain
7601001988897,Gotthard Rotpunkt Apotheke AG,4054,Basel,2145,Michaela,Maintain,4,Michaela,8502.789999999999,0,Maintain
7601001391819,Müller Handels AG Schweiz,6314,Unterägeri,2184,Luis,Observe,0,Luis,0.0,0,Observe
7601001692183,Pharmacie Amavita Milliet-Ville,2900,Porrentruy,2079,Florence,Maintain,4,Florence,3487.140000000002,0,Maintain
7601001373983,Drogerie Hermann,6314,Unterägeri,2184,Luis,Gain,4,Luis,8319.150000000001,0,Gain
7601001353527,DROPA Drogerie Apotheke Unterentfelden,5035,Unterentfelden,2158,Michaela,Maintain,4,Michaela,15321.899999999994,1,Maintain
7601001408647,Lindenapotheke Unterentfelden Post,5035,Unterentfelden,2158,Michaela,Maintain,4,Michaela,6519.270000000001,0,Maintain
7601001408586,Lindenapotheke und Drogerie Entfelden,5035,Unterentfelden,2158,Michaela,Maintain,4,Michaela,15671.790000000006,1,Maintain
7601002997157,Apotheke am SonnenPlatz,9495,Triesen,2232,Sarina,Gain,4,Sarina,12452.709999999995,0,Gain
7601001593381,TopPharm Apotheke zum Kreuz,4600,Olten,2141,Michaela,Maintain,4,Michaela,6346.020000000003,0,Maintain
7601001368316,Sun Store Carouge Praille,1227,Carouge,2012,Florence,Build,4,Florence,12044.130000000003,0,Build
7601001391826,Sun Store Chaux-de-Fonds Eplatures,2300,La Chaux-de-Fonds,2075,Florence,Build,4,Florence,10545.130000000001,0,Build
7601001007574,Bären Apotheke,3011,Bern,2113,Michaela,maintain,4,Michaela,5000.089999999999,0,Maintain
7601001027558,DROPA Drogerie Apotheke Urdorf,8902,Urdorf,2204,Luis,Maintain,4,Luis,15435.639999999998,1,Maintain
7601001023420,Pharmacie Ursy,1670,Ursy,2081,Eléonore,Maintain,4,Eléonore,9086.839999999998,0,Maintain
7601001405844,Apotheke Schönbühl,3322,Urtenen-Schönbühl,2128,Michaela,Maintain,4,Michaela,10866.189999999997,0,Maintain
7601001379749,Drogerie Pfleiderer Uster GmbH,8610,Uster,2215,Luis,Observe,0,Luis,0.0,0,Observe
7601001410671,Drogerie Pfleiderer Uster WEST,8610,Uster,2215,Luis,Maintain,4,Luis,9064.93,0,Maintain
7601001326903,DROPA Drogerie Apotheke Illuster,8610,Uster,2215,Luis,Defend,4,Luis,34349.48999999998,1,Defend
7601001374898,DROPA Apotheke Brunnen,8610,Uster,2215,Luis,Build,5,Luis,6496.900000000003,0,Build
7601001391413,Medbase Apotheke Grenchen,2540,Grenchen,2139,Michaela,Maintain,4,Michaela,7514.290000000002,0,Maintain
7601001377776,Müller Handels AG Schweiz,8610,Uster,2215,Luis,Observe,0,Luis,0.0,0,Observe
7601001404373,Schlossapotheke,8610,Uster,2215,Luis,Build,5,Luis,7672.600000000001,0,Build
7601001368378,TopPharm Apotheke Parfümerie Liechti - Dorf,4153,Reinach,2154,Michaela,Maintain,4,Michaela,14528.589999999995,1,Maintain
7601001401631,pharmacieplus uvrier centre sa,1958,Uvrier,2063,Eléonore,Maintain,4,Eléonore,11411.820000000002,0,Maintain
7601001380592,Apotheke am Postplatz AG,9494,Schaan,2232,Sarina,Build,4,Sarina,16845.819999999992,1,Build
7601001243286,Apotheke am Hechtplatz GmbH,8320,Fehraltorf,2210,Sarina,Build,4,Sarina,16099.18,1,Build
7601001015616,Apoteca Son Mitgel,7460,Savognin,2239,Sarina,Observe,0,Sarina,4828.76,0,Observe
7612096834679,Grandi Magazzini Manor Sud SA - Bellinzona,6500,Bellinzona,2109,Alessia,Observe,0,Alessia,0.0,0,Observe
7601001373952,Apoteca & Drogaria Engiadinaisa SA,7550,Scuol,2240,Sarina,Build,2,Sarina,11706.250000000002,0,Build
7601001404083,Apollo Apotheke AG,7000,Chur,2236,Sarina,Maintain,4,Sarina,4420.640000000002,0,Maintain
7601001812123,APODRO Reform Drogerie Jona,8645,Jona,2231,Sarina,Observe,0,Sarina,1065.6599999999996,0,Observe
7601001407114,Pharmacie des Cimes Sàrl,1873,Val-d'Illiez,2054,Eléonore,Observe,0,Eléonore,4380.219999999998,0,Observe
7601001029699,Sun Store Chêne-Bourg CEVA,1225,Chêne-Bourg,2010,Florence,Build,4,Florence,10803.659999999998,0,Build
7601001366688,Sun Store Delémont,2800,Delémont,2080,Florence,Build,4,Florence,11199.17,0,Build
7601001405608,Pharmacie Internationale de Verbier SA,1936,Verbier,2057,Eléonore,Maintain,4,Eléonore,7338.520000000001,0,Maintain
7601001397811,Pharmacie de la Croix de Coeur SA,1936,Verbier,2057,Eléonore,Maintain,4,Eléonore,6467.939999999999,0,Maintain
7601001369269,Pharmacie Amavita Porrentruy,2900,Porrentruy,2079,Florence,Maintain,4,Florence,6166.219999999999,0,Maintain
7601001029705,Sun Store Genève Aeroport,1215,Genève 15,2018,Florence,Build,4,Florence,18287.0,1,Build
7601001029729,Sun Store Genève Les Cygnes,1201,Genève,2001,Florence,Gain,4,Florence,9638.400000000003,0,Gain
7601001378346,Sun Store Genève Lyon,1203,Genève,2002,Florence,Build,4,Florence,6777.849999999999,0,Build
7601002994064,Sun Store Genève Pâquis,1201,Genève,2001,Florence,Maintain,4,Florence,3769.3599999999997,0,Maintain
7601001329690,Sun Store Genève Plainpalais,1205,Genève,2006,Florence,Build,4,Florence,10434.380000000001,0,Build
7601002994057,Sun Store Genève Wilson,1201,Genève,2001,Florence,Build,4,Florence,9713.139999999996,0,Build
7601001375796,Sun Store Gland,1196,Gland,2028,Florence,Build,4,Florence,8690.369999999995,0,Build
7601001012844,Sun Store La Chaux-de-Fonds Métropole,2300,La Chaux-de-Fonds,2075,Florence,Build,4,Florence,10924.810000000007,0,Build
7601001994539,Sun Store Lancy Pont-Rouge,1212,Grand-Lancy,2014,Florence,Gain,4,Florence,3891.439999999997,0,Gain
7601001396944,Sun Store Les Avanchets,1220,Les Avanchets,2016,Florence,Maintain,4,Florence,8441.900000000001,0,Maintain
7601001378179,Sun Store Marin Centre,2074,Marin-Epagnier,2077,Florence,Defend,4,Florence,23735.91000000003,1,Defend
7601001409194,pharmacieplus de vétroz sa,1963,Vétroz,2060,Eléonore,Observe,0,Eléonore,3502.2599999999998,0,Observe
7601001371187,Sun Store Vevey,1800,Vevey,2048,Eléonore,Build,4,Eléonore,12221.760000000002,0,Build
7601001401488,Sun Store Vevey 2 Gares,1800,Vevey,2048,Eléonore,Build,4,Eléonore,9762.259999999998,0,Build
7601001358775,Pharmacie Saba,1800,Vevey,2048,Eléonore,Defend,5,Eléonore,19057.730000000003,1,Defend
7601001410138,Pharmacie de la Gare de Vevey SA,1800,Vevey,2048,Eléonore,Build,4,Eléonore,20818.22,1,Build
7601001407251,pharmacieplus de vex,1981,Vex,2062,Eléonore,Maintain,4,Eléonore,3841.0500000000006,0,Maintain
7601001412873,pharmacieplus simplon-centre,1800,Vevey,2048,Eléonore,Build,4,Eléonore,3998.96,0,Build
7601001705326,pharmacieplus plan-soleil,1800,Vevey,2048,Eléonore,Maintain,4,Eléonore,3063.22,0,Maintain
7601009095320,Pharmacie du Marché Vevey SA,1800,Vevey,2048,Eléonore,Maintain,4,Eléonore,4434.64,0,Maintain
7601001366756,Pharmacie Amavita Portes-Rouges,2000,Neuchâtel,2071,Florence,Maintain,4,Florence,10193.120000000014,0,Maintain
7601001355613,BENU Vevey,1800,Vevey,2048,Eléonore,Maintain,4,Eléonore,6891.740000000001,0,Maintain
7601001392465,Pharmacie des Moulins Vevey SA,1800,Vevey,2048,Eléonore,Observe,0,Eléonore,2246.1499999999996,0,Observe
7601001008663,Droguerie Jaquet SA,1800,Vevey,2048,Eléonore,Observe,0,Eléonore,0.0,0,Observe
7601001029200,Droguerie du Théâtre,1800,Vevey,2048,Eléonore,Observe,0,Eléonore,0.0,0,Observe
7601001014121,Pharmacie St-Martin,1800,Vevey,2048,Eléonore,Observe,0,Eléonore,3383.6999999999994,0,Observe
7601001398801,Pharmacie de Saillon SA,1913,Saillon,2059,Eléonore,Maintain,4,Eléonore,4829.0599999999995,0,Maintain
7601001367562,Sun Store Marin Manor,2074,Marin-Epagnier,2077,Florence,Build,4,Florence,10807.470000000005,0,Build
7601001355019,L'Altra Farmacia,6535,Roveredo,2110,Alessia,Observe,0,Alessia,0.0,0,Observe
7601001282933,Sun Store Montagny,1442,Montagny-près-Yverdon,2038,Florence,Build,4,Florence,19959.320000000043,1,Build
7601001953123,APODRO Drogerie Wildhaus,9658,Wildhaus,2233,Sarina,Observe,0,Sarina,2148.709999999999,0,Observe
7601001409743,Sun Store Neuchâtel,2000,Neuchâtel,2071,Florence,Gain,4,Florence,7682.660000000004,0,Gain
7601001376755,Müller Reformhaus Vital Shop AG,6600,Locarno,2106,Alessia,Observe,0,Alessia,0.0,0,Observe
7601003020342,Müller Reformhaus Vital Shop AG,6836,Serfontana,2091,Alessia,Observe,0,Alessia,0.0,0,Observe
7601001234086,Farmacia Malcantonese SA,6988,Ponte Tresa,2099,Alessia,Observe,0,Alessia,808.73,0,Observe
7601001016859,pharmacieplus delle semine,6500,Bellinzona,2109,Alessia,Observe,0,Alessia,5550.759999999999,0,Observe
7601001012813,Sun Store Villars-sur-Glâne,1752,Villars-sur-Glâne,2085,Eléonore,Build,4,Eléonore,16522.120000000014,1,Build
7601001375376,BENU Villars-sur-Glâne Cormanon,1752,Villars-sur-Glâne,2085,Eléonore,Maintain,4,Eléonore,14901.200000000006,1,Maintain
7601001395435,Pharmacie des Dailles SA,1752,Villars-sur-Glâne,2085,Eléonore,Maintain,4,Eléonore,4315.720000000001,0,Maintain
7601001023123,pharmacieplus fleury,1884,Villars-sur-Ollon,2052,Eléonore,Maintain,4,Eléonore,15271.61,1,Maintain
7601001377301,Pharmacie de Villeneuve SA,1844,Villeneuve,2051,Eléonore,Maintain,4,Eléonore,5280.22,0,Maintain
7601001404632,Pharmacie du Bourg,1844,Villeneuve,2051,Eléonore,Maintain,4,Eléonore,4272.249999999999,0,Maintain
7601001356931,Droguerie de Villeneuve,1844,Villeneuve,2051,Eléonore,Observe,0,Eléonore,0.0,0,Observe
7601001401501,Berg-Apotheke Jost AG,5612,Villmergen,2166,Luis,Defend,4,Luis,19608.749999999996,1,Defend
7601001368705,Pharmacie Amavita Pré-Guillaume,2800,Delémont,2080,Florence,Maintain,4,Florence,5002.070000000003,0,Maintain
7601001377950,BENU Visp Bahnhof,3930,Visp,2066,Eléonore,Defend,4,Eléonore,23821.73000000001,1,Defend
7601001404748,Apotheke Lagger Visp AG,3930,Visp,2066,Eléonore,Maintain,4,Eléonore,8524.889999999998,0,Maintain
7601001412590,pharmacieplus d'anniviers SA,3961,Vissoie,2062,Eléonore,Maintain,4,Eléonore,8686.2,0,Maintain
7601001401808,Müller Handels AG Schweiz,8604,Volketswil,2214,Luis,Observe,0,Luis,0.0,0,Observe
7601001369849,Coop Vitality Apotheke Volketswil,8604,Volketswil,2214,Luis,Defend,4,Luis,42844.380000000005,1,Defend
7601001241268,Medbase Apotheke Schaan,9494,Schaan,2232,Sarina,Maintain,4,Sarina,4322.83,0,Maintain
7601001404878,pharmacieplus grand'vigne,1896,Vouvry,2054,Eléonore,Maintain,4,Eléonore,1989.0200000000002,0,Maintain
7601001394438,pharmacieplus de vouvry,1896,Vouvry,2054,Eléonore,Maintain,4,Eléonore,7208.589999999999,0,Maintain
7601001405752,pharmacieplus de vuadens sa,1628,Vuadens,2081,Eléonore,Maintain,4,Eléonore,11053.400000000001,0,Maintain
7601001398214,DROPA Gurten Apotheke Drogerie,3084,Wabern,2119,Michaela,Build,4,Michaela,12707.72,0,Build
7601001410527,Pharmacie Amavita Saint-Imier,2610,St-Imier,2137,Florence,Maintain,4,Florence,8265.010000000004,0,Maintain
7601001369665,Drogerie Süess,8820,Wädenswil,2201,Luis,Gain,4,Luis,5014.0199999999995,0,Gain
7601003020397,Müller Reformhaus Vital Shop AG,8820,Wädenswil,2201,Luis,Observe,0,Luis,0.0,0,Observe
7601001315570,Müller Handels AG Schweiz,8820,Wädenswil,2201,Luis,Observe,0,Luis,0.0,0,Observe
7601001367760,Pharmacie Amavita Tramelan,2720,Tramelan,2137,Florence,Maintain,4,Florence,8059.790000000006,0,Maintain
7601001337879,Pill Apotheke Oberdorf,8820,Wädenswil,2201,Luis,Maintain,4,Luis,17791.220000000005,1,Maintain
7601009071782,APODRO Drogerie Wetzikon,8620,Wetzikon,2210,Sarina,Maintain,4,Sarina,2134.6000000000004,0,Maintain
7601001411296,APODRO Drogerie Vaduz,9490,Vaduz,2232,Sarina,Observe,0,Sarina,4261.120000000002,0,Observe
7601001407800,APODRO Drogerie Sevelen,9475,Sevelen,2232,Sarina,Observe,0,Sarina,2504.1000000000004,0,Observe
7601001402287,Coop Vitality Apotheke Wallisellen,8304,Wallisellen,2213,Luis,Defend,4,Luis,18347.52000000005,1,Defend
7601001405646,Medbase Apotheke Einsiedeln Engel,8840,Einsiedeln,2185,Sarina,Maintain,4,Sarina,7332.720000000002,0,Maintain
7601001396913,Pharmacie Amavita Tronchet,1226,Thônex,2011,Florence,Maintain,4,Florence,4071.4499999999985,0,Maintain
7601001407879,DROPA Drogerie Roth - Wangen an der Aare,3380,Wangen an der Aare,2130,Michaela,Maintain,4,Michaela,7568.829999999998,0,Maintain
7601001017788,Drogerie Krebser GmbH,3457,Wasen im Emmental,2130,Michaela,Observe,0,Michaela,2146.9599999999996,0,Observe
7601001019591,Pedro-Drogerie Wattenwil,3665,Wattenwil,2120,Michaela,Defend,4,Michaela,19123.940000000006,1,Defend
7601002992510,APODRO Drogerie Reichenburg,8864,Reichenburg,2186,Sarina,Gain,4,Sarina,4867.1,0,Gain
7601001400757,APODRO Drogerie Eschenbach,8733,Eschenbach,2231,Sarina,Maintain,4,Sarina,5432.640000000001,0,Maintain
7601001408883,APODRO Drogerie Bazenheid,9602,Bazenheid,2230,Sarina,Maintain,4,Sarina,4640.589999999997,0,Maintain
7601001369818,Wellness-Drogerie Masiello,6353,Weggis,2181,Michaela,Observe,0,Michaela,6464.409999999999,0,Observe
7601001406674,APODRO Drogerie Bäretswil,8344,Bäretswil,2210,Sarina,Maintain,4,Sarina,3269.9300000000003,0,Maintain
7601001374904,APODRO Apotheke Wald,8636,Wald,2210,Sarina,Maintain,4,Sarina,3158.95,0,Maintain
7601001392472,APODRO Apotheke Hinwil,8340,Hinwil,2210,Sarina,Maintain,4,Sarina,4721.66,0,Maintain
7601001312883,Anker Apotheke GmbH,9053,Teufen,2226,Sarina,Observe,0,Sarina,0.0,0,Observe
7601001396524,Kronen Rotpunkt Apotheke AG,4102,Binningen,2152,Michaela,Maintain,4,Michaela,10522.989999999998,0,Maintain
7601001406377,Amavita Apotheke Jegenstorf,3303,Jegenstorf,2129,Michaela,Maintain,4,Michaela,13066.250000000051,1,Maintain
7601001372023,Coop Vitality Apotheke Wettingen,5430,Wettingen,2168,Luis,Defend,4,Luis,20395.75000000002,1,Defend
7601001397934,Paracelsus Apotheke Drogerie AG,5430,Wettingen,2168,Luis,Defend,4,Luis,15014.300000000005,1,Defend
7601001022492,Langenstein-Apotheke,5430,Wettingen,2168,Luis,Observe,0,Luis,2790.2699999999995,0,Observe
7601001299405,TopPharm Storchen Apotheke,5745,Safenwil,2160,Michaela,Maintain,4,Michaela,11455.290000000003,0,Maintain
7601009062902,Altenburg Apotheke GmbH,5430,Wettingen,2168,Luis,Observe,0,Luis,4732.79,0,Observe
7601001397545,Pharmacie Amavita Mont-d'Or,1007,Lausanne,2020,Eléonore,Maintain,4,Eléonore,5200.87,0,Maintain
7601001409385,Amavita Apotheke Liestal,4410,Liestal,2156,Michaela,Maintain,4,Michaela,10244.4,0,Maintain
7601001409408,Amavita Apotheke Bücheli Center,4410,Liestal,2156,Michaela,Maintain,4,Michaela,13378.350000000002,1,Maintain
7601001394056,Pharmacie Amavita du Grand-Pré,1723,Marly,2085,Eléonore,Maintain,4,Eléonore,5488.480000000004,0,Maintain
7601001403680,Pharmacie Amavita Raboud,1870,Monthey,2055,Eléonore,Maintain,4,Eléonore,4841.110000000006,0,Maintain
7601001370661,Drogerie und Gesundheitszentrum Riesen GmbH,3114,Wichtrach,2124,Michaela,Maintain,4,Michaela,10726.449999999999,0,Maintain
7601001407923,Pharmacie Amavita Neyruz,1740,Neyruz,2084,Eléonore,Maintain,4,Eléonore,4327.270000000001,0,Maintain
7601001364516,Pharmacie Amavita Les Arcades,1020,Renens,2034,Eléonore,Maintain,4,Eléonore,6128.909999999997,0,Maintain
7601001375956,NaturSpross Drogerie,8542,Wiesendangen,2208,Luis,Observe,0,Luis,2263.0299999999997,0,Observe
7601001370326,Pharmacie Amavita Gare,1020,Renens,2034,Eléonore,Maintain,4,Eléonore,8642.410000000007,0,Maintain
7601001371675,Amavita Apotheke Rümlang,8153,Rümlang,2205,Luis,Maintain,4,Luis,12214.010000000002,0,Maintain
7601001368361,Pharmacie Amavita Hofmann,3960,Sierre,2065,Eléonore,Maintain,4,Eléonore,5888.909999999999,0,Maintain
7601001368682,Pharmacie Amavita Zimmermann,1950,Sion,2061,Eléonore,Maintain,4,Eléonore,6014.530000000005,0,Maintain
7601001967472,Amavita Apotheke Blümlisalp Thun,3604,Thun,2120,Michaela,Maintain,4,Michaela,6214.2800000000025,0,Maintain
7601001403482,TopPharm Apotheke Schinznach,5107,Schinznach Dorf,2173,Luis,Maintain,4,Luis,7443.72,0,Maintain
7601001407701,Pharmacie Amavita Verbier,1936,Verbier,2057,Eléonore,Maintain,4,Eléonore,5716.15,0,Maintain
7601001364134,Amavita Apotheke Chly Wabern,3084,Wabern,2119,Michaela,Maintain,4,Michaela,8148.2699999999995,0,Maintain
7601001400313,Müller Handels AG Schweiz,6130,Willisau,2180,Michaela,Observe,0,Michaela,0.0,0,Observe
7601001319981,Apotheke Willisau AG,6130,Willisau,2180,Michaela,Build,4,Michaela,15151.2,1,Build
7601001380448,Städtli-Drogerie Willisau AG,6130,Willisau,2180,Michaela,Observe,0,Michaela,2993.4299999999994,0,Observe
7601001380356,Drogerie A. Jost AG,6130,Willisau,2180,Michaela,Observe,0,Michaela,5154.37,0,Observe
7601001020504,Weiherschloss Apotheke AG,4103,Bottmingen,2152,Michaela,Maintain,4,Michaela,5568.0599999999995,0,Maintain
7601001401891,Drogerie Fink GmbH,8404,Winterthur,2208,Luis,Observe,0,Luis,203.76999999999995,0,Observe
7601003020281,Müller Reformhaus Vital Shop AG,8400,Winterthur,2209,Luis,Observe,0,Luis,0.0,0,Observe
7612096770298,Manor AG - Winterthur,8401,Winterthur,2209,Luis,Observe,0,Luis,0.0,0,Observe
7601001403963,Coop Vitality Stadtgarten,8400,Winterthur,2209,Luis,Maintain,4,Luis,15118.790000000005,1,Maintain
7601001373266,Coop Vitality Apotheke Winterthur,8404,Winterthur,2208,Luis,Defend,4,Luis,26607.220000000034,1,Defend
7601001408258,Nature First Apotheke und Drogerie Winterthur,8400,Winterthur,2209,Luis,Observe,0,Luis,3946.46,0,Observe
7601001412262,Drogerie Meier GmbH,8404,Winterthur,2208,Luis,Maintain,4,Luis,3467.8599999999997,0,Maintain
7601001372559,Rathaus Apotheke AG Winterthur,8400,Winterthur,2209,Luis,Defend,4,Luis,16296.469999999985,1,Defend
7601001391833,DROPA Drogerie Apotheke Rosenberg,8400,Winterthur,2209,Luis,Defend,4,Luis,26555.22999999996,1,Defend
7601001362765,Bahnhof Apotheke AG Winterthur,8400,Winterthur,2209,Luis,Defend,4,Luis,56259.75999999988,1,Defend
7601001408043,Medbase Apotheke Kriens Mattenhof,6010,Kriens,2179,Michaela,Maintain,4,Michaela,8615.930000000002,0,Maintain
7601001391420,Medbase Apotheke Solothurn,4500,Solothurn,2138,Michaela,Maintain,4,Michaela,17416.82,1,Maintain
7601001409361,Medbase Apotheke Thun Panorama Center,3604,Thun,2120,Michaela,Maintain,4,Michaela,12651.329999999994,0,Maintain
7601001364172,Müller Handels AG Schweiz,8400,Winterthur,2209,Luis,Observe,0,Luis,0.0,0,Observe
7601001379725,Müller Handels AG Schweiz,8400,Winterthur,2209,Luis,Observe,0,Luis,0.0,0,Observe
7601001409897,Amavita Apotheke Deutweg,8400,Winterthur,2209,Luis,Maintain,4,Luis,12284.200000000028,0,Maintain
7601009110740,Amavita Apotheke Würenlos,5436,Würenlos,2167,Luis,Maintain,4,Luis,12438.699999999997,0,Maintain
7601001403208,BENU Winterthur Lokwerk,8406,Winterthur,2207,Luis,Gain,4,Luis,6559.970000000002,0,Gain
7601001722606,Sternen Apotheke Winterthur AG,8400,Winterthur,2209,Luis,Build,5,Luis,6117.420000000001,0,Build
7601001611894,Drogerie Wülflingen GmbH,8408,Winterthur,2207,Luis,Maintain,4,Luis,3276.02,0,Maintain
7601001403901,Apotheke im KSW AG,8400,Winterthur,2209,Luis,Maintain,4,Luis,16861.129999999997,1,Maintain
7601001406445,Apotheke am Stadtrain AG,8404,Winterthur,2208,Luis,Maintain,4,Luis,5003.9,0,Maintain
7601001358676,Post Apotheke Winterthur AG,8405,Winterthur,2210,Sarina,Maintain,4,Sarina,5099.500000000001,0,Maintain
7601001396173,Apotheke Schneider AG,3506,Grosshöchstetten,2126,Michaela,Maintain,4,Michaela,12740.300000000001,0,Maintain
7601001004597,West Rotpunkt Apotheke AG,5600,Lenzburg,2162,Luis,Maintain,4,Luis,12461.650000000003,0,Maintain
7601001398290,TopPharm Hirsch-Apotheke AG - Solothurn,4500,Solothurn,2138,Michaela,Maintain,4,Michaela,10605.220000000003,0,Maintain
7601001380332,TopPharm Apotheke Wülflingen AG,8408,Winterthur,2207,Luis,Maintain,4,Luis,9959.15,0,Maintain
7601001374324,Naturdrogerie,8400,Winterthur,2209,Luis,Observe,0,Luis,602.14,0,Observe
7601001413108,Amavita Apodoc Hardbrücke,8005,Zürich,2193,Luis,Maintain,4,Luis,16761.060000000016,1,Maintain
7601001403413,Amavita Apotheke Wengihof,8004,Zürich,2192,Luis,Maintain,4,Luis,6898.130000000025,0,Maintain
7601001376670,Amavita Apotheke Schwamendingen,8051,Zürich,2197,Luis,Maintain,4,Luis,8863.370000000003,0,Maintain
7601001372504,Amavita Apotheke Neumarkt Oerlikon,8050,Zürich,2196,Luis,Maintain,4,Luis,14406.200000000013,1,Maintain
7601001865327,Amavita Apotheke Löwenstrasse,8001,Zürich,2187,Luis,Maintain,4,Luis,12409.540000000003,0,Maintain
7601001404823,Coop Vitality Apotheke Wohlen,5610,Wohlen,2164,Luis,Defend,4,Luis,17330.89000000001,1,Defend
7601001396821,DROPA Hirsch Apotheke,5610,Wohlen,2164,Luis,Build,5,Luis,10727.709999999994,0,Build
7601001396296,DROPA Drogerie Moser AG,5610,Wohlen,2164,Luis,Maintain,4,Luis,9704.549999999987,0,Maintain
7601001372214,BENU Wohlen Rex,5610,Wohlen,2164,Luis,Maintain,4,Luis,11560.099999999995,0,Maintain
7601001406520,Bünz-Apotheke AG,5610,Wohlen,2164,Luis,Build,5,Luis,16499.799999999985,1,Build
7601001370319,DROPA Drogerie Niederberger,6110,Wolhusen,2179,Michaela,Maintain,4,Michaela,11380.670000000002,0,Maintain
7601001378681,Wolhuser Apotheke GmbH,6110,Wolhusen,2179,Michaela,Observe,0,Michaela,3863.219999999999,0,Observe
7601001021396,Alpstein Drogerie-Parfümerie,9000,St. Gallen,2227,Sarina,Observe,0,Sarina,2212.24,0,Observe
7601001396791,Allmend Drogerie AG,6055,Alpnach Dorf,2182,Sarina,Maintain,4,Sarina,7588.17,0,Maintain
7601001243668,Adler Apotheke,9470,Buchs,2233,Sarina,Maintain,4,Sarina,3969.9199999999996,0,Maintain
7601001363892,Apotheke Worb AG,3076,Worb,2126,Michaela,Build,4,Michaela,20485.860000000004,1,Build
7601001026759,Stern-Apotheke Worb GmbH,3076,Worb,2126,Michaela,Observe,0,Michaela,4513.38,0,Observe
7601001378674,Bahnhof-Drogerie Worb GmbH,3076,Worb,2126,Michaela,Observe,0,Michaela,4201.280000000001,0,Observe
7601001407497,Dorf-Apotheke Worb,3076,Worb,2126,Michaela,Observe,0,Michaela,1587.7699999999995,0,Observe
7601001373105,Coop Vitality Apotheke Würenlingen,5303,Würenlingen,2170,Luis,Defend,4,Michaela,28522.650000000107,1,Defend
7601001370104,Amavita Apotheke Albisstrasse,8038,Zürich,2188,Luis,Maintain,4,Luis,7681.220000000013,0,Maintain
7601001400108,swidro drogerie russi gmbh,5436,Würenlos,2167,Luis,Observe,0,Luis,1839.27,0,Observe
7601001367579,Sun Store Nyon Bourg,1260,Nyon,2027,Florence,Build,4,Florence,5441.370000000001,0,Build
7601001008755,Sun Store Nyon Combe,1260,Nyon,2027,Florence,Gain,4,Florence,10373.590000000007,0,Gain
7601001370760,Sun Store Orbe,1350,Orbe,2040,Florence,Build,4,Florence,10524.090000000015,0,Build
7601001029712,Sun Store Petit-Lancy,1213,Petit-Lancy,2013,Florence,Build,4,Florence,13955.630000000005,1,Build
7601001377820,Sun Store Porrentruy,2900,Porrentruy,2079,Florence,Build,4,Florence,9148.460000000008,0,Build
7601001692169,Sun Store Porrentruy Milliet-Gare,2900,Porrentruy,2079,Florence,Build,4,Florence,7748.530000000017,0,Build
7601001398320,Sun Store Signy Centre,1274,Signy-Centre,2026,Florence,Build,4,Florence,20555.35000000004,1,Build
7601001379091,Sun Store Thônex,1226,Thônex,2011,Florence,Build,4,Florence,15374.970000000012,1,Build
7601001395701,Sun Store Vernier,1214,Vernier,2016,Florence,Build,4,Florence,6703.080000000005,0,Build
7601001399235,Sun Store Versoix,1290,Versoix,2018,Florence,Build,4,Florence,13536.400000000009,1,Build
7601001378766,Sun Store Vésenaz,1222,Vésenaz,2009,Florence,Build,4,Florence,10494.840000000007,0,Build
7601001062191,Sun Store Yverdon,1400,Yverdon-les-Bains,2039,Florence,Build,4,Florence,12050.570000000005,0,Build
7601001314757,swidro drogerie nidau GmbH,2560,Nidau,2133,Florence,Maintain,4,Florence,1568.69,0,Maintain
7601001413047,swidro Drogerie täuffelen GmbH,2575,Täuffelen,2133,Florence,Observe,0,Florence,5881.54,0,Observe
7601002992572,swidro naturdrogerie ins gmbh,3232,Ins,2133,Florence,Observe,0,Florence,4175.67,0,Observe
7601001410091,TopPharm Bahnhof Apotheke Zug,6300,Zug,2183,Luis,Maintain,4,Luis,3171.1499999999996,0,Maintain
7601001379862,Artemis Drogerie GmbH,6144,Zell,2180,Michaela,Maintain,4,Michaela,5477.609999999999,0,Maintain
7601001355279,Müller Handels AG Schweiz,3920,Zermatt,2067,Eléonore,Observe,0,Eléonore,0.0,0,Observe
7601001376458,"Amavita Apotheke Flughafen, Check-In 1",8060,Zürich-Flughafen,2212,Luis,Maintain,4,Luis,19191.20000000001,1,Maintain
7601001016200,Vital Apotheke AG Zermatt,3920,Zermatt,2067,Eléonore,Defend,4,Eléonore,17853.199999999997,1,Defend
7601001008267,Apotheke Testa Grigia,3920,Zermatt,2067,Eléonore,Build,4,Eléonore,6134.75,0,Build
7601001365322,Pfauen Apotheke AG,4800,Zofingen,2160,Michaela,Build,4,Michaela,14158.59000000002,1,Build
7601001377257,Löwen Apotheke AG Zofingen,4800,Zofingen,2160,Michaela,Observe,0,Michaela,2021.4900000000011,0,Observe
7601001395466,DROPA Drogerie Apotheke Zofingen,4800,Zofingen,2160,Michaela,Maintain,4,Michaela,17911.350000000006,1,Maintain
7601001407725,Lindenapotheke Zofingen,4800,Zofingen,2160,Michaela,Build,4,Michaela,7806.110000000001,0,Build
7601001321304,Müller Handels AG Schweiz,4800,Zofingen,2160,Michaela,Observe,0,Michaela,0.0,0,Observe
7601001880221,Drogerie Unterstadt GmbH,4800,Zofingen,2160,Michaela,Observe,0,Michaela,664.3,0,Observe
7601001393974,Drogerie Wyss,3436,Zollbrück,2126,Michaela,Build,4,Michaela,7607.870000000001,0,Build
7601001401785,Drogerie im Centro Lostorf,4654,Lostorf,2141,Michaela,Maintain,4,Michaela,2989.14,0,Maintain
7601001406131,Amavita Apotheke Gundeli,4053,Basel,2146,Michaela,Observe,0,Michaela,3281.6700000000005,0,Observe
7601001401648,Zentral-Apotheke Zollikofen AG,3052,Zollikofen,2128,Michaela,Maintain,4,Michaela,7417.99,0,Maintain
7601007999187,Apotheke Zollikon AG,8702,Zollikon,2216,Luis,Maintain,4,Luis,17405.02,1,Maintain
7601003020403,Müller Reformhaus Vital Shop AG,8702,Zollikon,2216,Luis,Observe,0,Luis,0.0,0,Observe
7601001845121,Drogerie Parfümerie Zollikon AG,8702,Zollikon,2216,Luis,Gain,4,Luis,3605.6900000000005,0,Gain
7601001373563,Medbase Apotheke Wallisellen,8304,Wallisellen,2213,Luis,Maintain,4,Luis,13223.079999999998,1,Maintain
7601001399815,Zentrum-Drogerie Haag AG,4528,Zuchwil,2138,Michaela,Build,4,Michaela,6041.030000000001,0,Build
7601001019799,Drogerie Parfumerie Metalli,6300,Zug,2183,Luis,Build,5,Luis,11759.580000000002,0,Build
7601001370289,Zug Apotheke AG,6300,Zug,2183,Luis,Defend,4,Luis,41598.91000000009,1,Defend
7601001011441,Metalli Apotheke AG,6300,Zug,2183,Luis,Defend,4,Luis,19001.85,1,Defend
7601003020410,Müller Reformhaus Vital Shop AG,6300,Zug,2183,Luis,Observe,0,Luis,0.0,0,Observe
7601001407404,pharmavillage,6928,Manno,2100,Alessia,Observe,0,Alessia,3821.3600000000024,0,Observe
7601001297531,Apotheke Spillmann Heegewald,6300,Zug,2183,Luis,Observe,0,Luis,3004.67,0,Observe
7601001400450,Ruopigen Rotpunkt Apotheke & Drogerie AG,6015,Luzern,2179,Michaela,Maintain,4,Michaela,11092.609999999997,0,Maintain
7601001400948,Homöosana Drogerie,6300,Zug,2183,Luis,Observe,0,Luis,0.0,0,Observe
7601001404526,TopPharm Manesse Apotheke,8045,Zürich,2188,Luis,Maintain,4,Luis,1286.3600000000006,0,Maintain
7601001322783,TopPharm Löwen Apotheke - Löwen Apo,8001,Zürich,2187,Luis,Maintain,4,Luis,13670.709999999994,1,Maintain
7601009253034,Farmacia Amavita Biasca,6710,Biasca,2111,Alessia,Observe,0,Alessia,6463.2900000000045,0,Observe
7601001344877,Drogerie Ritzmann,8126,Zumikon,2218,Luis,Build,5,Luis,7353.87,0,Build
7601001742949,BENU Zürich Bahnhof Altstetten,8048,Zurich,2193,Luis,Gain,4,Luis,20293.589999999986,1,Gain
7612096769964,Manor AG - Zürich Letzipark,8048,Zürich,2193,Luis,Observe,0,Luis,0.0,0,Observe
7601001405806,LetziPharm Apotheke,8050,Zürich,2196,Luis,Observe,0,Luis,0.0,0,Observe
7601001728776,APODRO Drogerie Wiedikon,8003,Zürich,2191,Luis,Maintain,4,Luis,933.18,0,Maintain
7601001010840,APODRO Apotheke Schmiedegg,8003,Zürich,2191,Luis,Build,5,Luis,5952.67,0,Build
7601002991780,Coop Vitality Apotheke Stauffacher,8004,Zürich,2192,Luis,Gain,4,Luis,13885.620000000012,1,Gain
7601001380561,Coop Vitality Apotheke Zürich Wiedikon,8003,Zürich,2191,Luis,Maintain,4,Luis,10605.000000000011,0,Maintain
7601001376229,Coop Vitality Apotheke Zürich Sihl City,8045,Zürich,2188,Luis,Defend,4,Luis,36402.71000000014,1,Defend
7610840000028,Coop Vitality Apotheke Zürich Bahnhofstrasse,8001,Zürich,2187,Luis,Defend,4,Luis,22591.970000000045,1,Defend
7601001380141,Coop Vitality Apotheke Zürich Letzipark,8048,Zürich,2193,Luis,Defend,4,Luis,22987.440000000057,1,Defend
7601001398382,Coop Vitality Apotheke Oerlikon Center Eleven,8050,Zürich,2196,Luis,Defend,4,Luis,16508.44,1,Defend
7601001397781,Drogerie im Niederdorf,8001,Zürich,2187,Luis,Observe,0,Luis,665.0400000000001,0,Observe
7601001009356,Nature First Apotheke + Drogerie,8003,Zürich,2191,Luis,Gain,4,Luis,8081.509999999998,0,Gain
7601001355040,Drogerie Savoy,8047,Zürich,2190,Luis,Maintain,4,Luis,3854.2999999999993,0,Maintain
7601001349131,Centrum Drogerie Höngg,8049,Zürich,2194,Luis,Observe,0,Luis,4209.24,0,Observe
7601001024335,Apotheke-Drogerie Brunaupark AG,8045,Zürich,2188,Luis,Maintain,4,Luis,9419.44,0,Maintain
7601001365803,Odeon Apotheke AG,8001,Zürich,2187,Luis,Defend,4,Luis,13385.290000000014,1,Defend
7601001004719,Neumarkt Apotheke Drogerie AG,8048,Zürich,2193,Luis,Defend,4,Luis,26854.199999999975,1,Defend
7601001369719,Leimbach Apotheke,8041,Zürich,2188,Luis,Maintain,4,Luis,6493.559999999999,0,Maintain
7601001010888,DROPA Drogerie Apotheke Zürich-Affoltern,8046,Zürich,2195,Luis,Defend,4,Luis,25851.14999999997,1,Defend
7601001402515,DROPA Drogerie Apotheke Limmatplatz,8005,Zürich,2193,Luis,Maintain,4,Luis,14369.240000000002,1,Maintain
7601001379763,DROPA Apotheke & Post Hottingen,8032,Zürich,2199,Luis,Defend,4,Luis,9965.44,0,Defend
7601001026032,Drogama Apotheke & Drogerie,8055,Zürich,2190,Luis,Defend,4,Luis,17530.159999999993,1,Defend
7601001403499,Bahnhof Apotheke AG Oerlikon,8050,Zürich,2196,Luis,Defend,4,Luis,35895.10999999996,1,Defend
7601001374843,Apotheke Schafroth AG,8048,Zürich,2193,Luis,Defend,4,Luis,9020.269999999999,0,Defend
7601001412613,Wehntal Apotheke AG,8057,Zürich,2197,Luis,Observe,0,Luis,3315.0299999999993,0,Observe
7601001015555,St. Peter-Apotheke,8001,Zürich,2187,Luis,Maintain,4,Luis,9562.080000000009,0,Maintain
7601001398375,Hirschwiesen-Apotheke AG,8057,Zürich,2197,Luis,Observe,0,Luis,2921.549999999999,0,Observe
7601001380103,Apotheke zum Mörser GmbH,8051,Zürich,2197,Luis,Build,5,Luis,8738.070000000002,0,Build
7601001369993,Medbase Apotheke Winterthur Zentrum Töss,8406,Winterthur,2207,Luis,Maintain,4,Luis,13373.97,1,Maintain
7601001373471,Medbase Apotheke Zürich Wiedikon,8003,Zürich,2191,Luis,Maintain,4,Luis,9290.17,0,Maintain
7601001373532,Medbase Apotheke Zürich Seebach,8052,Zürich,2195,Luis,Maintain,4,Luis,6551.020000000004,0,Maintain
7601001373525,Medbase Apotheke Zürich Kreis 12,8051,Zürich,2197,Luis,Maintain,4,Luis,7122.060000000002,0,Maintain
7601001373518,Medbase Apotheke Zürich Kreis 11,8050,Zürich,2196,Luis,Maintain,4,Luis,11936.039999999994,0,Maintain
7601001373495,Medbase Apotheke Zürich Industrie,8005,Zürich,2193,Luis,Maintain,4,Luis,8206.519999999999,0,Maintain
7601001399020,Medbase Apotheke Zürich Berninaplatz,8057,Zürich,2197,Luis,Maintain,4,Luis,6126.54,0,Maintain
7601001988637,Medbase Apotheke Zürich Limmatplatz,8005,Zürich,2193,Luis,Maintain,4,Luis,0.0,0,Maintain
7601001406780,Medbase Apotheke Arlesheim Birseck,4144,Arlesheim,2154,Michaela,Observe,0,Michaela,5235.970000000001,0,Observe
7601001406926,Medbase Apotheke Meiringen,3860,Meiringen,2123,Florence,Observe,0,Florence,6912.000000000001,0,Observe
7601001402003,Berg-Apotheke by Medbase,8004,Zürich,2192,Luis,Observe,0,Luis,3999.309999999999,0,Observe
7601003020441,Müller Reformhaus Vital Shop AG,8008,Zürich,2200,Luis,Observe,0,Luis,0.0,0,Observe
7601003020458,Müller Reformhaus Vital Shop AG,8003,Zürich,2191,Luis,Observe,0,Luis,0.0,0,Observe
7601003286618,Müller Reformhaus Vital Shop AG,8002,Zürich,2188,Luis,Observe,0,Luis,0.0,0,Observe
7601003020434,Müller Reformhaus Vital Shop AG,8001,Zürich,2187,Luis,Observe,0,Luis,0.0,0,Observe
7601001998261,Farmacia Amavita Brissago,6614,Brissago,2104,Alessia,Observe,0,Alessia,8321.620000000006,0,Observe
7601001393080,Farmacia Amavita Centro,6612,Ascona,2105,Alessia,Observe,0,Alessia,4804.200000000006,0,Observe
7601001813359,Amavita Apotheke Bethlehem,3027,Bern,2118,Michaela,Observe,0,Michaela,10194.92000000001,0,Observe
7601001376199,Pharmacie Amavita Collège,1400,Yverdon-les-Bains,2039,Florence,Observe,0,Florence,3277.3599999999997,0,Observe
7601001364400,Pharmacie Amavita Collonge-Bellerive,1245,Collonge-Bellerive,2009,Florence,Observe,0,Florence,6043.290000000008,0,Observe
7601001366718,Pharmacie Amavita Espacité,2300,La Chaux-de-Fonds,2075,Florence,Observe,0,Florence,5842.460000000001,0,Observe
7601001364776,Pharmacie Amavita Théâtre,1003,Lausanne,2021,Eléonore,Observe,0,Eléonore,5089.690000000001,0,Observe
7601001967496,Pharmacie Amavita de la Cigale,1010,Lausanne,2025,Eléonore,Observe,0,Eléonore,2371.489999999999,0,Observe
7601001400849,Pharmacie Amavita Ancien-Stand,1018,Lausanne,2024,Eléonore,Observe,0,Eléonore,3184.9700000000003,0,Observe
7601001364608,Amavita NutriBio La Palud,1003,Lausanne,2021,Eléonore,Observe,0,Eléonore,1431.48,0,Observe
7601001364325,Pharmacie Amavita Perraudettaz,1009,Pully,2046,Eléonore,Observe,0,Eléonore,2651.139999999998,0,Observe
7601001399754,BENU Zürich Kreuz,8008,Zürich,2200,Luis,Maintain,4,Luis,7630.880000000003,0,Maintain
7601001342125,BENU Zürich Witikon,8053,Zürich,2200,Luis,Build,5,Luis,20755.55,1,Build
7601001401150,BENU Zürich Oerlikon,8050,Zürich,2196,Luis,Maintain,4,Luis,9824.150000000001,0,Maintain
7601001366343,West-Apotheke Dr. René Saladin,8055,Zürich,2190,Luis,Observe,0,Luis,5178.26,0,Observe
7601001733787,Stauffacher Apotheke,8004,Zürich,2192,Luis,Observe,0,Luis,2637.2899999999995,0,Observe
7601001020023,King's Apotheke AG,8001,Zürich,2187,Luis,Observe,0,Luis,3708.3200000000015,0,Observe
7601002998581,Apotheke Utogrund,8047,Zürich,2190,Luis,Gain,4,Luis,7760.85,0,Gain
7601001018372,Apotheke Kirche Fluntern,8044,Zürich,2198,Luis,Build,5,Luis,20732.01,1,Build
7601001379473,Pelikan-Apotheke,8001,Zürich,2187,Luis,Maintain,4,Luis,6326.879999999999,0,Maintain
7601001394872,Paracelsus Apotheke & Drogerie,8004,Zürich,2192,Luis,Build,5,Luis,6763.0599999999995,0,Build
7601001379572,Minerva Apotheke,8032,Zürich,2199,Luis,Observe,0,Luis,4179.410000000001,0,Observe
7601001239937,Landhus Apotheke,8052,Zürich,2195,Luis,Observe,0,Luis,4292.7599999999975,0,Observe
7601001369795,Hirsch-Apotheke AG,8057,Zürich,2197,Luis,Observe,0,Luis,10157.12,0,Observe
7601001408166,Bellevue Apotheke AG,8001,Zürich,2187,Luis,Defend,4,Luis,43896.51,1,Defend
7601001404649,Apotheke Schaffhauserplatz AG,8057,Zürich,2197,Luis,Maintain,4,Luis,14206.550000000001,1,Maintain
7601009115486,Apotheke im Stadtspital Zürich AG,8063,Zürich,2190,Luis,Gain,4,Luis,13046.840000000004,1,Gain
7601001898318,Sonnen-Apotheke,8001,Zürich,2187,Luis,Maintain,4,Luis,4611.999999999999,0,Maintain
7601001378735,Pill Apotheke Neumünster,8008,Zürich,2200,Luis,Maintain,4,Luis,7319.099999999999,0,Maintain
7601001375918,Pill Apotheke Fröhlichstrasse,8008,Zürich,2200,Luis,Maintain,4,Luis,8389.740000000002,0,Maintain
7601001368002,Drogerie im Schwamedingerhuus,8051,Zürich,2197,Luis,Defend,4,Luis,10412.839999999998,0,Defend
7601001861862,Mühlematt Apotheke AG,4104,Oberwil,2152,Michaela,Maintain,4,Michaela,8642.080000000002,0,Maintain
7601001401860,Apotheke MedZentrum Pfungen,8422,Pfungen,2207,Luis,Maintain,4,Luis,10754.610000000004,0,Maintain
7601001400061,Apotheke Dr. Kunz Regensdorf,8105,Regensdorf,2205,Luis,Maintain,4,Luis,12598.720000000001,0,Maintain
7601001383500,Apotheke Altorfer AG,8630,Rüti,2218,Luis,Maintain,4,Luis,11676.840000000004,0,Maintain
7601001393547,Apotheke Parkside,8952,Schlieren,2204,Luis,Maintain,4,Luis,6278.870000000001,0,Maintain
7601001408845,Apotheke Dr. Kunz Schlieren,8952,Schlieren,2204,Luis,Maintain,4,Luis,13357.889999999998,1,Maintain
7601001016088,Seetal Apotheke AG,5703,Seon,2162,Luis,Maintain,4,Luis,14386.060000000001,1,Maintain
7601001406858,Waldegg Rotpunkt Apotheke AG,8142,Uitikon Waldegg,2204,Luis,Maintain,4,Luis,15165.909999999998,1,Maintain
7601001380226,Bachtel Rotpunkt Apotheke AG,8400,Winterthur,2209,Luis,Maintain,4,Luis,9335.02,0,Maintain
7601009230479,Werd Rotpunkt Apotheke AG,8004,Zürich,2192,Luis,Maintain,4,Luis,8487.489999999998,0,Maintain
7601001393578,Wartau Rotpunkt Apotheke AG,8049,Zürich,2194,Luis,Maintain,4,Luis,10215.910000000002,0,Maintain
7601001007062,Olympia Apotheke,8004,Zürich,2192,Luis,Maintain,4,Luis,8851.029999999999,0,Maintain
7601001368675,Klus Apotheke AG,8032,Zürich,2199,Luis,Maintain,4,Luis,11401.279999999999,0,Maintain
7601001009097,Bären-Apotheke AG,8003,Zürich,2191,Luis,Maintain,4,Luis,9754.869999999999,0,Maintain
7601001373679,Balgrist Apotheke AG,8008,Zürich,2200,Luis,Maintain,4,Luis,15460.40999999999,1,Maintain
7601001377059,Besa Rotpunkt Apotheke AG,8050,Zürich,2196,Luis,Maintain,4,Luis,13663.94,1,Maintain
7601001327658,Apotheke am Kreuzplatz AG,8032,Zürich,2199,Luis,Maintain,4,Luis,12844.160000000005,0,Maintain
7601001398450,Affoltern Rotpunkt Apotheke AG,8046,Zürich,2195,Luis,Maintain,4,Luis,7088.48,0,Maintain
7601009516573,Zentrum-Apotheke,8305,Dietlikon,2213,Luis,Observe,0,Luis,0.0,0,Observe
7601001304666,Drogerie Grenchen Süd,2540,Grenchen,2139,Michaela,Observe,0,Michaela,11919.699999999995,0,Observe
7601001368125,Central Apotheke Horgen GmbH,8810,Horgen,2201,Luis,Observe,0,Luis,3305.0600000000004,0,Observe
7601009082641,Vitalis Drogerie Merenschwand,5634,Merenschwand,2165,Luis,Observe,0,Luis,115.44,0,Observe
7601001369344,Vitalis Drogerie Mettmenstetten,8932,Mettmenstetten,2203,Luis,Observe,0,Luis,14.5,0,Observe
7601001393660,TopPharm Limmatplatz Apotheke,8005,Zürich,2193,Luis,Maintain,4,Luis,6849.25,0,Maintain
7601001374027,TopPharm Leonhards-Apotheke,8001,Zürich,2187,Luis,Maintain,4,Luis,8695.219999999998,0,Maintain
7601001380233,TopPharm Apotheke Witikon AG,8053,Zürich,2200,Luis,Maintain,4,Luis,5440.41,0,Maintain
7601001367821,TopPharm Fontana Apotheke,8004,Zürich,2192,Luis,Maintain,4,Luis,4452.49,0,Maintain
7601001401334,TopPharm SchlossApotheke im Polycenter,3177,Laupen,2132,Florence,Maintain,4,Florence,7887.280000000001,0,Maintain
7601001570320,TopPharm Apoteca Piz Ot - Dorfzentrum,7503,Samedan,2240,Sarina,Observe,0,Sarina,7069.4,0,Observe
7601001396463,TopPharm Damian Apotheken - Ehrendingen,5420,Ehrendingen,2170,Michaela,Observe,0,Michaela,113.51,0,Observe
7601001600935,TopPharm Apotheke & Drogerie Küttigen,5024,Küttigen,2173,Luis,Observe,0,Luis,5553.950000000001,0,Observe
7601002998406,TopPharm Apotheke Schänzli,4132,Muttenz,2155,Michaela,Observe,0,Michaela,880.2299999999998,0,Observe
7601001406483,TopPharm Apotheke Gmünder AG Oberdorf,4436,Oberdorf,2156,Michaela,Observe,0,Michaela,1956.03,0,Observe
7601001392021,Biotheke,8006,Zürich,2198,Luis,Observe,0,Luis,6335.640000000003,0,Observe
7601001018365,Toblerplatz-Drogerie Kurt Häfliger AG,8044,Zürich,2198,Luis,Observe,0,Luis,229.91,0,Observe
7601001375826,Apotheke Zürichberg bei der alten Kirche Fluntern,8044,Zürich,2198,Luis,Observe,0,Luis,648.5699999999999,0,Observe
7601001396890,Pharmacie Amavita Copet,1800,Vevey,2048,Eléonore,Observe,0,Eléonore,3547.31,0,Observe
7601001006294,Bahnhof-Apotheke,8640,Rapperswil,2231,Sarina,Observe,0,Sarina,4729.999999999997,0,Observe
7601001356993,Abderhalden Drogerie AG,9630,Wattwil,2230,Sarina,Maintain,4,Sarina,6872.4,0,Maintain
7601001402010,TopPharm Kapuziner Apotheke und Drogerie,4310,Rheinfelden,2176,Michaela,Observe,0,Michaela,3392.9400000000005,0,Observe
7601001410770,TopPharm Wiesen Apotheke,4125,Riehen,2150,Michaela,Observe,0,Michaela,3431.7400000000002,0,Observe
7601001412798,Apotheke im Dorf,9430,St. Margrethen,2233,Sarina,Observe,0,Sarina,0.0,0,Observe
7601009299735,Pharmacie Dorigny Sàrl,1022,Chavannes-près-renens,2033,Eléonore,Gain,4,Eléonore,518.91,0,Gain
7601009366208,Pharmacieplus de noble-contrée SA,3968,Veyras,2063,Eléonore,Gain,4,Eléonore,1124.21,0,Gain
7601001912557,Farmacia Amavita Neuroni,6826,Riva S. Vitale,2093,Alessia,Observe,0,Alessia,6175.300000000003,0,Observe
7601009413803,Pharmacie Haut-de-Cry Sàrl,1963,Vétroz,2060,Eléonore,Gain,4,Eléonore,516.68,0,Gain
7601001364271,TopPharm Kranich Apotheke,8712,Stäfa,2217,Luis,Observe,0,Luis,4967.64,0,Observe
7601001408548,TopPharm Kolin-Apotheke,6300,Zug,2183,Luis,Observe,0,Luis,5585.179999999999,0,Observe
7601001029323,Aadorf Apotheke Drogerie,8355,Aadorf,2225,Sarina,Build,4,Sarina,15230.639999999998,1,Build
7601001551251,Campus-Apotheke See-Spital ,8810,Horgen,2201,Luis,Gain,4,Luis,4959.24,0,Gain
7601009264771,Waldhof Apotheke Langenthal,4900,Langenthal,2131,Michaela,Gain,4,Michaela,1864.8799999999999,0,Gain
7601009381942,Thur Drogerie Märstetten,8560,Märstetten,2223,Sarina,Gain,4,Sarina,607.66,0,Gain
7601009336928,"Geno Apotheke Bahnhofstrasse, Biel",2502,Biel/Bienne,2135,Florence,Gain,4,Florence,519.19,0,Gain
7601009462061,Pharm-Y-Parc SA,1400,Yverdon-les-bains,2039,Florence,Gain,4,Florence,423.53000000000003,0,Gain
7601009111020,Pharmacie de l’Hôpital,1205,Genève,2006,Florence,Observe,0,Florence,1183.29,0,Observe
7601001027053,Drogerie Bielmann AG,4051,Basel,2142,Michaela,Gain,4,Michaela,2703.3,0,Gain
7601009364327,Apotheke Ringstrasse AG,8600,Dübendorf,2214,Luis,Gain,4,Luis,1049.43,0,Gain
7601009456305,Espace Health Apotheken AG,3074,Muri b. Bern,2127,Michaela,Gain,4,Michaela,668.9499999999998,0,Gain
7601009514173,Lindenapotheke Unterdorf Seon,5703,Seon,2162,Michaela,Maintain,4,Luis,0.0,0,Maintain
7601009480805,La Pharmacie du Canal SA,2830,Courrendlin,2080,Florence,Gain,4,Florence,0.0,0,Gain
7601009436024,Droguerie des Tanins Sàrl,2900,Porrentruy,2079,Florence,Gain,4,Florence,0.0,0,Gain
